{
    "algorithm": "Scrypt",
    "chat": [],
    "community": [],
    "description": {
        "en": "007 coin is a Scrypt based alternative crypto currency with difficulty retargetting each block - the proof of work phase will be replaced with a proof of stake phase with a rate of 2.5%."
    },
    "explorer": [],
    "fromSymbol": "007",
    "is_crypto": true,
    "is_minable": false,
    "name": "007 Coin",
    "network": {
        "t_available_supply": 0,
        "t_block_reward": 0,
        "t_max_supply": 989800,
        "t_total_supply": 0
    },
    "proof_type": "PoW",
    "quote": [
        "https://blockmodo.com/quotes/007"
    ],
    "social": [
        "https://twitter.com/@007coin"
    ],
    "source_code": [],
    "toSymbol": "ALL",
    "type": "COINREGISTRY",
    "version": 1,
    "website": "-"
}