{
    "algorithm": "Scrypt",
    "chat": [],
    "community": [],
    "description": {
        "en": ""
    },
    "explorer": [],
    "fromSymbol": "2BACCO",
    "is_crypto": true,
    "is_minable": false,
    "name": "2BACCO Coin",
    "network": {
        "t_available_supply": 0,
        "t_block_reward": 0,
        "t_max_supply": 81454545,
        "t_total_supply": 0
    },
    "proof_type": "PoW/PoS",
    "quote": [
        "https://blockmodo.com/quotes/2BACCO"
    ],
    "social": [
        "https://twitter.com/@2bacco_2bacco"
    ],
    "source_code": [
        "https://github.com/2bacco/2bacco"
    ],
    "toSymbol": "ALL",
    "type": "COINREGISTRY",
    "version": 1,
    "website": "-"
}