{
  "algorithm": "",
  "chat": ["https://t.me/Spartan300Token"],
  "community": [],
  "description": {
    "en": "We are 300 Token, we are Sparta! Our values are HODL, HONOR and GLORY!"
  },
  "explorer": ["https://etherscan.io/token/0xaec98a708810414878c3bcdf46aad31ded4a4557"],
  "fromSymbol": "300",
  "is_crypto": true,
  "is_minable": false,
  "name": "300 Token",
  "network": {
    "t_available_supply": 300,
    "t_block_reward": 0,
    "t_max_supply": 300,
    "t_total_supply": 300
  },
  "proof_type": "",
  "quote": ["https://blockmodo.com/quotes/300"],
  "social": ["https://twitter.com/@300_Token"],
  "source_code": [],
  "toSymbol": "ALL",
  "type": "COINREGISTRY",
  "version": 1,
  "website": "http://300tokensparta.com/",
  "adoptedFromSymbol": "300"
}