{
    "algorithm": "X11",
    "chat": [],
    "community": [],
    "description": {
        "en": ""
    },
    "explorer": [],
    "fromSymbol": "365",
    "is_crypto": true,
    "is_minable": true,
    "name": "365Coin",
    "network": {
        "t_available_supply": 133225,
        "t_block_reward": 0,
        "t_max_supply": 133225,
        "t_total_supply": 133225
    },
    "proof_type": "PoW/PoS",
    "quote": [
        "https://blockmodo.com/quotes/365"
    ],
    "social": [
        "https://twitter.com/365CoinProject"
    ],
    "source_code": [
        "https://github.com/365-Coin/365Coin"
    ],
    "toSymbol": "ALL",
    "type": "COINREGISTRY",
    "version": 1,
    "website": "http://ww12.365coin.net/"
}