{
    "algorithm": "Scrypt",
    "chat": [],
    "community": [],
    "description": {
        "en": "404coin is a PoS-based cryptocurrency."
    },
    "explorer": [],
    "fromSymbol": "404",
    "is_crypto": true,
    "is_minable": false,
    "name": "404Coin",
    "network": {
        "t_available_supply": 0,
        "t_block_reward": 0,
        "t_max_supply": 532000000,
        "t_total_supply": 0
    },
    "proof_type": "PoW/PoS",
    "quote": [
        "https://blockmodo.com/quotes/404"
    ],
    "social": [],
    "source_code": [
        "https://github.com/404c/404/"
    ],
    "toSymbol": "ALL",
    "type": "COINREGISTRY",
    "version": 1,
    "website": "-"
}