{
  "algorithm": "SHA256",
  "chat": ["https://discordapp.com/invite/tQJaCrd"],
  "community": ["https://www.reddit.com/r/808Coin/"],
  "description": {
    "en": "Designed for a long term community the 808 coin was originally developed in mind for those who wish to contribute their own time towards block chain projects & community building, distinguishable among other alternate crypto currencies while honoring the TR-Roland 808 drum machine & the music industry across all genres."
  },
  "explorer": ["https://808.btcpop.co/"],
  "fromSymbol": "808",
  "is_crypto": true,
  "is_minable": true,
  "name": "808",
  "network": {
    "t_available_supply": 1097726943145,
    "t_block_reward": 0,
    "t_max_supply": 0,
    "t_total_supply": 1097726943145
  },
  "proof_type": "PoW/PoS",
  "quote": ["https://blockmodo.com/quotes/808"],
  "social": ["https://twitter.com/@808BassCoin"],
  "source_code": ["https://github.com/maxxine/808"],
  "toSymbol": "ALL",
  "type": "COINREGISTRY",
  "version": 1,
  "website": "http://808bass.space/",
  "adoptedFromSymbol": "808"
}