{
    "algorithm": "",
    "chat": [],
    "community": [],
    "description": {
        "en": "Elite 888 is the most exclusive ERC20 token available anywhere in the world. The primary use is a status symbol and collectible token. If you own one, you're 1 in 10,000,000."
    },
    "explorer": [],
    "fromSymbol": "8S",
    "is_crypto": true,
    "is_minable": false,
    "name": "Elite 888",
    "network": {
        "t_available_supply": 0,
        "t_block_reward": 0,
        "t_max_supply": 888,
        "t_total_supply": 0
    },
    "proof_type": "",
    "quote": [
        "https://blockmodo.com/quotes/8S"
    ],
    "social": [
        "https://twitter.com/Elite888Token"
    ],
    "source_code": [],
    "toSymbol": "ALL",
    "type": "COINREGISTRY",
    "version": 1,
    "website": "https://elite888.com/"
}