{
  "algorithm": "",
  "chat": ["https://t.me/joinchat/A-8zF0RPWnGoEq5wVlfSqg"],
  "community": [],
  "description": {
    "en": "AB-CHAINs mission is to deliver the service to companies with cryptocurrency budgets allowing an easy and time - saving way to publish ads on the Internet without converting cryptocurrency into fiat and allowing high returns from advertising budgets."
  },
  "explorer": [],
  "fromSymbol": "ABC",
  "is_crypto": true,
  "is_minable": true,
  "name": "AB-Chain",
  "network": {
    "t_available_supply": 0,
    "t_block_reward": 0,
    "t_max_supply": 0,
    "t_total_supply": 210000000
  },
  "proof_type": "",
  "quote": ["https://blockmodo.com/quotes/ABC"],
  "social": ["https://twitter.com/@AB_CHAIN", "https://www.facebook.com/Ab-Chain-897158380440217"],
  "source_code": [],
  "toSymbol": "ALL",
  "type": "COINREGISTRY",
  "version": 1,
  "website": "https://ab-chain.com/",
  "adoptedFromSymbol": "ABC"
}