{
  "algorithm": null,
  "chat": ["https://t.co/e2xOVN3VK4"],
  "community": ["https://www.reddit.com/r/arcblock"],
  "description": {
    "en": "ArcBlock, the world’s first blockchain ecosystem for building and deploying decentralized applications."
  },
  "explorer": ["https://etherscan.io/token/0xb98d4c97425d9908e66e53a6fdf673acca0be986"],
  "fromSymbol": "ABT",
  "is_crypto": true,
  "is_minable": false,
  "name": "Arcblock",
  "network": {
    "t_available_supply": 98554305,
    "t_block_reward": 0,
    "t_max_supply": 0,
    "t_total_supply": 186000000
  },
  "proof_type": null,
  "quote": ["https://blockmodo.com/quotes/ABT"],
  "social": ["https://twitter.com/ArcBlock_io", "https://www.instagram.com/arcblock"],
  "source_code": ["https://github.com/ArcBlock/ArcBlock-Token", "https://github.com/ArcBlock/ds-token"],
  "toSymbol": "ALL",
  "type": "COINREGISTRY",
  "version": 1,
  "website": "https://www.arcblock.io",
  "adoptedFromSymbol": "ABT"
}