{
  "algorithm": "",
  "chat": ["https://t.me/theabyss", "https://discordapp.com/invite/uRe8h57"],
  "community": ["https://www.reddit.com/r/theabyssplatform"],
  "description": {
    "en": "The Abyss is a next generation digital distribution platform, delivering all types of video games (Free2play MMOs and cryptogames being a key priority), including AAA-titles, where gamers and developers can profit from multilevel referral program and other activities."
  },
  "explorer": ["https://etherscan.io/token/0x0e8d6b471e332f140e7d9dbb99e5e3822f728da6", "https://ethplorer.io/address/0x0e8d6b471e332f140e7d9dbb99e5e3822f728da6"],
  "fromSymbol": "ABYSS",
  "is_crypto": true,
  "is_minable": false,
  "name": "The Abyss",
  "network": {
    "t_available_supply": 223412005,
    "t_block_reward": 0,
    "t_max_supply": 0,
    "t_total_supply": 508628132
  },
  "proof_type": "",
  "quote": ["https://blockmodo.com/quotes/ABYSS"],
  "social": ["https://twitter.com/@theabyss", "https://www.facebook.com/theabyss", "https://www.instagram.com/theabyssportal"],
  "source_code": ["https://github.com/theabyssportal/DAICO-Smart-Contract"],
  "toSymbol": "ALL",
  "type": "COINREGISTRY",
  "version": 1,
  "website": "https://www.theabyss.com/",
  "adoptedFromSymbol": "ABYSS"
}