{
  "algorithm": "Scrypt",
  "chat": [],
  "community": ["https://www.reddit.com/r/officialac"],
  "description": {
    "en": "AsiaCoin. Pure PoS. No Premine. No IPO."
  },
  "explorer": ["https://chainz.cryptoid.info/ac"],
  "fromSymbol": "AC",
  "is_crypto": true,
  "is_minable": false,
  "name": "Asia Coin",
  "network": {
    "t_available_supply": 2291467607,
    "t_block_reward": 0,
    "t_max_supply": 0,
    "t_total_supply": 2291467607
  },
  "proof_type": "PoS",
  "quote": ["https://blockmodo.com/quotes/AC"],
  "social": ["https://twitter.com/@AsiaCoin_", "https://www.facebook.com/asiacoin"],
  "source_code": [],
  "toSymbol": "ALL",
  "type": "COINREGISTRY",
  "version": 1,
  "website": "http://www.thecoin.asia/",
  "adoptedFromSymbol": "AC"
}