{
  "algorithm": "Scrypt",
  "chat": ["https://t.me/adcoinacc"],
  "community": ["https://www.reddit.com/r/adcoin/"],
  "description": {
    "en": "We created AdCoin to further globalize and implement block chain technology in the advertising market."
  },
  "explorer": ["http://explorer.getadcoin.com:5000"],
  "fromSymbol": "ACC",
  "is_crypto": true,
  "is_minable": true,
  "name": "AdCoin",
  "network": {
    "t_available_supply": 0,
    "t_block_reward": 0,
    "t_max_supply": 0,
    "t_total_supply": 0
  },
  "proof_type": "PoW",
  "quote": ["https://blockmodo.com/quotes/ACC"],
  "social": ["https://twitter.com/getadcoin", "https://www.facebook.com/getadcoins"],
  "source_code": ["https://github.com/adcoin-project/AdCoin"],
  "toSymbol": "ALL",
  "type": "COINREGISTRY",
  "version": 1,
  "website": "https://www.getadcoin.com/",
  "adoptedFromSymbol": "ACC"
}