{
    "algorithm": "Scrypt",
    "chat": [
        "https://discordapp.com/invite/za9T8ZP"
    ],
    "community": [],
    "description": {
        "en": "Accolade coin is digital reward and application platform for driving the advertising and other industry which gives rewards to others. There are lots of incentive based advertising platform which gives incentive in form of data and some other means. The project aims to become a global reward system, enabling developers and merchants to use the API and give the accolade to their users. In future, this can be social reward where If someone like the video may give accolade to the publisher of video instead of just clicking like button or thumbs up button. Users will be able to login in social platform and share coin as token of appreciation, love and rewards with their friend circle."
    },
    "explorer": [
        "http://45.55.85.44:3111"
    ],
    "fromSymbol": "ACCO",
    "is_crypto": true,
    "is_minable": true,
    "name": "Accolade",
    "network": {
        "t_available_supply": 0,
        "t_block_reward": 0,
        "t_max_supply": 50000000,
        "t_total_supply": 0
    },
    "proof_type": "PoW/PoS",
    "quote": [
        "https://blockmodo.com/quotes/ACCO"
    ],
    "social": [
        "https://twitter.com/CoinAcco"
    ],
    "source_code": [],
    "toSymbol": "ALL",
    "type": "COINREGISTRY",
    "version": 1,
    "website": "http://accoladecoin.com/"
}