{
  "algorithm": "Scrypt",
  "chat": ["https://discordapp.com/invite/fvsTFcR"],
  "community": ["https://www.reddit.com/r/AudioCoinADC/"],
  "description": {
    "en": "The music industry is stacked with problems and politics making for a very uneven landscape in terms of fair share revenue and transparency. \nAs a fully decentralised coin ADC is available and open for all to build applications and solutions to rectify these inherent problems. After 4 years there are some very solid mainstream projects experimenting with adoption and this provides some encouragement for the future."
  },
  "explorer": ["http://www.presstab.pw/phpexplorer/ADC/index.php", "https://chainz.cryptoid.info/adc"],
  "fromSymbol": "ADC",
  "is_crypto": true,
  "is_minable": true,
  "name": "AudioCoin",
  "network": {
    "t_available_supply": 943523900,
    "t_block_reward": 0,
    "t_max_supply": 0,
    "t_total_supply": 943523900
  },
  "proof_type": "PoW/PoS",
  "quote": ["https://blockmodo.com/quotes/ADC"],
  "social": ["https://twitter.com/@Aurovine", "https://www.facebook.com/ADCdigitalcurrency"],
  "source_code": ["https://github.com/aurovine/audiocoin"],
  "toSymbol": "ALL",
  "type": "COINREGISTRY",
  "version": 1,
  "website": "http://www.audiocoin.eu",
  "adoptedFromSymbol": "ADC"
}