{
  "algorithm": "Ethash",
  "chat": ["https://t.me/Adelphoi"],
  "community": ["https://www.reddit.com/r/Adel", "https://www.facebook.com/Adelphoi.io"],
  "description": {
    "en": "Adel is a technology incubator for blockchain innovation. Our community collaborates on ideas, and uses the AdelWiki™ to collectively create business plans. Members vote on projects and can become profit participates when they are launched. Expertise within the community brings mentoring, learning, and employment opportunities. Successful projects are re-invested for further growth, or issued as rewards to members. Adel is blockchain agnostic, and will harness the features of any open-ledger platform to showcase its potential. Our mission is to incubate projects that will positively change the world."
  },
  "explorer": ["https://nxtportal.org/assets/17477397104276156702"],
  "fromSymbol": "ADL",
  "is_crypto": true,
  "is_minable": true,
  "name": "Adelphoi",
  "network": {
    "t_available_supply": 20722224,
    "t_block_reward": 0,
    "t_max_supply": 0,
    "t_total_supply": 100000000
  },
  "proof_type": "PoW",
  "quote": ["https://blockmodo.com/quotes/ADL"],
  "social": ["https://twitter.com/@adelphoi_io"],
  "source_code": [],
  "toSymbol": "ALL",
  "type": "COINREGISTRY",
  "version": 1,
  "website": "adelphoi.io"
}