{
  "algorithm": null,
  "chat": ["https://t.me/adshares"],
  "community": ["https://www.reddit.com/r/adshares/"],
  "description": {
    "en": "Adshares is the answer to negative trends in digital marketing. Lack of transparency allows intermediaries to charge high fees. Increasing centralization gives big players ability to censor unwanted content."
  },
  "explorer": ["https://ethplorer.io/address/0x422866a8f0b032c5cf1dfbdef31a20f4509562b0", "https://etherscan.io/token/0x422866a8F0b032c5cf1DfBDEf31A20F4509562b0"],
  "fromSymbol": "ADST",
  "is_crypto": true,
  "is_minable": false,
  "name": "Adshares",
  "network": {
    "t_available_supply": 19379103,
    "t_block_reward": 0,
    "t_max_supply": 0,
    "t_total_supply": 19379103
  },
  "proof_type": null,
  "quote": ["https://blockmodo.com/quotes/ADST"],
  "social": ["https://twitter.com/@adsharesNet", "https://www.facebook.com/adshares"],
  "source_code": ["https://github.com/adshares"],
  "toSymbol": "ALL",
  "type": "COINREGISTRY",
  "version": 1,
  "website": "https://adshares.net",
  "adoptedFromSymbol": "ADST"
}