{
  "algorithm": "",
  "chat": ["https://t.me/adChain"],
  "community": ["https://www.reddit.com/r/adChain/"],
  "description": {
    "en": "AdChain is an Ethereum-based digital advertisement platform that aims to fix the fraudulent environment of online advertising namely bot traffic, malvertisements, trackers, spoofed domains, lack of coordination and systemic fraud. ADT is an ERC20 token that is used in order to ver publishers who wish to join the system, employing a 'challenge period' during which any ADT holder who believes the publisher is fraudulent can issue a challenge and match the publisher's ADT deposit. "
  },
  "explorer": ["https://ethplorer.io/address/0xd0d6d6c5fe4a677d343cc433536bb717bae167dd", "https://etherscan.io/token/AdToken"],
  "fromSymbol": "ADT",
  "is_crypto": true,
  "is_minable": false,
  "name": "AdToken",
  "network": {
    "t_available_supply": 600000000,
    "t_block_reward": 0,
    "t_max_supply": 1000000000,
    "t_total_supply": 1000000000
  },
  "proof_type": "",
  "quote": ["https://blockmodo.com/quotes/ADT"],
  "social": ["https://twitter.com/@ad_chain"],
  "source_code": ["https://github.com/AdChain/adChainVerifiedChromeExtenstion", "https://github.com/AdChain/AdTokenFaucet", "https://github.com/AdChain/AdChainRegistry", "https://github.com/AdChain/AdChainRegistryDapp", "https://github.com/AdChain/AdMarket"],
  "toSymbol": "ALL",
  "type": "COINREGISTRY",
  "version": 1,
  "website": "https://adtoken.com/",
  "adoptedFromSymbol": "ADT"
}