{
  "algorithm": "X11",
  "chat": [],
  "community": [],
  "description": {
    "en": "AcesCoin is a PoW/PoS hybrid, ASIC-resistant cryptocurrency that allows instant and anonymous payments."
  },
  "explorer": [],
  "fromSymbol": "AEC",
  "is_crypto": true,
  "is_minable": false,
  "name": "AcesCoin",
  "network": {
    "t_available_supply": 0,
    "t_block_reward": 0,
    "t_max_supply": 0,
    "t_total_supply": 21542190
  },
  "proof_type": "PoS",
  "quote": ["https://blockmodo.com/quotes/AEC"],
  "social": [],
  "source_code": [],
  "toSymbol": "ALL",
  "type": "COINREGISTRY",
  "version": 1,
  "website": "http://www.acescoin.org/"
}