{
    "algorithm": null,
    "chat": [
        "https://t.me/tauchain"
    ],
    "community": [],
    "description": {
        "en": "An intelligent market built upon Tau-Chain to feature intelligent personal agents, programming market, computational power market, and a futuristic search engine."
    },
    "explorer": [
        "https://www.omniexplorer.info/asset/58"
    ],
    "fromSymbol": "AGRS",
    "is_crypto": true,
    "is_minable": false,
    "name": "Agoras Token",
    "network": {
        "t_available_supply": 41987989,
        "t_block_reward": 0,
        "t_max_supply": 42000000,
        "t_total_supply": 41987989
    },
    "proof_type": null,
    "quote": [
        "https://blockmodo.com/quotes/AGRS"
    ],
    "social": [
        "https://twitter.com/@TauChainOrg",
        "https://www.facebook.com/groups/tauchain"
    ],
    "source_code": [
        "https://github.com/idni/tau"
    ],
    "toSymbol": "ALL",
    "type": "COINREGISTRY",
    "version": 1,
    "website": "http://www.idni.org"
}