{
  "algorithm": null,
  "chat": ["https://gitter.im/aionnetwork", "https://discordapp.com/invite/srU4qbS", "https://t.me/aion_blockchain"],
  "community": ["https://www.reddit.com/r/AionNetwork"],
  "description": {
    "en": "A multi-tier system designed to address unsolved questions of scalability, and interoperability in blockchain networks."
  },
  "explorer": ["https://etherscan.io/token/0x4CEdA7906a5Ed2179785Cd3A40A69ee8bc99C466", "https://ethplorer.io/address/0x4ceda7906a5ed2179785cd3a40a69ee8bc99c466"],
  "fromSymbol": "Aion",
  "is_crypto": true,
  "is_minable": false,
  "name": "Aion",
  "network": {
    "t_available_supply": 318443045,
    "t_block_reward": 0,
    "t_max_supply": 0,
    "t_total_supply": 318443045
  },
  "proof_type": null,
  "quote": ["https://blockmodo.com/quotes/AION"],
  "social": ["https://twitter.com/@Aion_Network"],
  "source_code": ["https://github.com/aionnetwork/aion", "https://github.com/aionnetwork/aion_fastvm", "https://github.com/aionnetwork/aion_miner", "https://github.com/aionnetwork/aion_api", "https://github.com/aionnetwork/aion_ui", "https://github.com/aionnetwork/aion_ledger", "https://github.com/aionnetwork/aion_fastvm", "https://github.com/aionnetwork/aion_qa", "https://github.com/aionnetwork/aion_erc", "https://github.com/aionnetwork/aion_wallet", "https://github.com/aionnetwork/aion_explorer", "https://github.com/aionnetwork/aion_pool", "https://github.com/aionnetwork/aion_web3", "https://github.com/aionnetwork/aion_interchain", "https://github.com/aionnetwork/aion_paper"],
  "toSymbol": "ALL",
  "type": "COINREGISTRY",
  "version": 1,
  "website": "https://aion.network",
  "adoptedFromSymbol": "AION"
}