{
    "algorithm": "X13",
    "chat": [],
    "community": [
        "https://www.reddit.com/r/AeroME"
    ],
    "description": {
        "en": "Decentralized Marketplace Exchange"
    },
    "explorer": [],
    "fromSymbol": "AM",
    "is_crypto": true,
    "is_minable": true,
    "name": "AeroMe",
    "network": {
        "t_available_supply": 0,
        "t_block_reward": 0,
        "t_max_supply": 12000000,
        "t_total_supply": 0
    },
    "proof_type": "PoW/PoS",
    "quote": [
        "https://blockmodo.com/quotes/AM"
    ],
    "social": [
        "https://twitter.com/@aerocoin"
    ],
    "source_code": [
        "https://github.com/aeromasterdev/am-aerome"
    ],
    "toSymbol": "ALL",
    "type": "COINREGISTRY",
    "version": 1,
    "website": "http://www.aerome.org"
}