{
    "algorithm": "X11",
    "chat": [],
    "community": [],
    "description": {
        "en": "AMBER Coin - a PoW/POS hybrid coin has been launched by Ninja launch on Aug 17. PoW X11 distribution."
    },
    "explorer": [],
    "fromSymbol": "AMBER",
    "is_crypto": true,
    "is_minable": false,
    "name": "Amber Coin",
    "network": {
        "t_available_supply": 0,
        "t_block_reward": 0,
        "t_max_supply": 1000000000,
        "t_total_supply": 0
    },
    "proof_type": "PoW/PoS",
    "quote": [
        "https://blockmodo.com/quotes/AMBER"
    ],
    "social": [
        "https://twitter.com/@AmberCoin"
    ],
    "source_code": [],
    "toSymbol": "ALL",
    "type": "COINREGISTRY",
    "version": 1,
    "website": "http://amber-coin.webnode.com"
}