{
  "algorithm": "Quark",
  "chat": ["https://discordapp.com/invite/ZD3H77v"],
  "community": [],
  "description": {
    "en": "AmsterdamCoin will be the cryptocurrency for the city of Amsterdam. Our goal is to make AmsterdamCoin commonly accepted in the stores of Amsterdam. We will deliver great new innovative features and are proud to announce."
  },
  "explorer": ["http://www.amsterdamblockchain.info"],
  "fromSymbol": "AMS",
  "is_crypto": true,
  "is_minable": true,
  "name": "Amsterdam Coin",
  "network": {
    "t_available_supply": 50201886,
    "t_block_reward": 0,
    "t_max_supply": 0,
    "t_total_supply": 81469427
  },
  "proof_type": "PoW/PoS",
  "quote": ["https://blockmodo.com/quotes/AMS"],
  "social": ["https://twitter.com/"],
  "source_code": ["https://github.com/CoinProjects/AmsterdamCoin-v4/"],
  "toSymbol": "ALL",
  "type": "COINREGISTRY",
  "version": 1,
  "website": "http://www.amsterdamcoin.coms",
  "adoptedFromSymbol": "AMS"
}