{
    "algorithm": null,
    "chat": [
        "https://acumen-network.herokuapp.com"
    ],
    "community": [],
    "description": {
        "en": "Global Decentralized Patent System."
    },
    "explorer": [],
    "fromSymbol": "AMT",
    "is_crypto": true,
    "is_minable": false,
    "name": "Acumen",
    "network": {
        "t_available_supply": 0,
        "t_block_reward": 0,
        "t_max_supply": 0,
        "t_total_supply": 0
    },
    "proof_type": null,
    "quote": [
        "https://blockmodo.com/quotes/AMT"
    ],
    "social": [
        "https://twitter.com/AcumenNetwork"
    ],
    "source_code": [],
    "toSymbol": "ALL",
    "type": "COINREGISTRY",
    "version": 1,
    "website": "https://acumen.network/index.html"
}