{
  "algorithm": "",
  "chat": [],
  "community": ["https://www.reddit.com/r/aragonproject"],
  "description": {
    "en": ""
  },
  "explorer": [],
  "fromSymbol": "ANT",
  "is_crypto": true,
  "is_minable": false,
  "name": "Aragon",
  "network": {
    "t_available_supply": 29177439,
    "t_block_reward": 0,
    "t_max_supply": 0,
    "t_total_supply": 39609524
  },
  "proof_type": "",
  "quote": ["https://blockmodo.com/quotes/ANT"],
  "social": ["https://twitter.com/@AragonProject"],
  "source_code": [],
  "toSymbol": "ALL",
  "type": "COINREGISTRY",
  "version": 1,
  "website": "https://aragon.one",
  "adoptedFromSymbol": "ANT"
}