{
    "algorithm": "SHA256",
    "chat": [],
    "community": [],
    "description": {
        "en": ""
    },
    "explorer": [],
    "fromSymbol": "ANTI",
    "is_crypto": true,
    "is_minable": false,
    "name": "Anti Bitcoin",
    "network": {
        "t_available_supply": 0,
        "t_block_reward": 0,
        "t_max_supply": 42000000,
        "t_total_supply": 0
    },
    "proof_type": "PoW",
    "quote": [
        "https://blockmodo.com/quotes/ANTI"
    ],
    "social": [
        "https://twitter.com/@anti_bitcoin"
    ],
    "source_code": [],
    "toSymbol": "ALL",
    "type": "COINREGISTRY",
    "version": 1,
    "website": "http://anti.cash/"
}