{
  "algorithm": "",
  "chat": [],
  "community": [],
  "description": {
    "en": ""
  },
  "explorer": [],
  "fromSymbol": "APC",
  "is_crypto": true,
  "is_minable": false,
  "name": "AlpaCoin",
  "network": {
    "t_available_supply": 8825450,
    "t_block_reward": 0,
    "t_max_supply": 0,
    "t_total_supply": 65000000
  },
  "proof_type": "PoW",
  "quote": ["https://blockmodo.com/quotes/APC"],
  "social": ["https://twitter.com/"],
  "source_code": [],
  "toSymbol": "ALL",
  "type": "COINREGISTRY",
  "version": 1,
  "website": "http://alpacoin.com/"
}