{
  "algorithm": "",
  "chat": [],
  "community": [],
  "description": {
    "en": ""
  },
  "explorer": [],
  "fromSymbol": "APPC",
  "is_crypto": true,
  "is_minable": false,
  "name": "AppCoins",
  "network": {
    "t_available_supply": 100054312,
    "t_block_reward": 0,
    "t_max_supply": 0,
    "t_total_supply": 246203093
  },
  "proof_type": "",
  "quote": ["https://blockmodo.com/quotes/APPC"],
  "social": ["https://twitter.com/@AppCoinsProject"],
  "source_code": [],
  "toSymbol": "ALL",
  "type": "COINREGISTRY",
  "version": 1,
  "website": "https://appcoins.io",
  "adoptedFromSymbol": "APPC"
}