{
  "algorithm": "",
  "chat": [],
  "community": [],
  "description": {
    "en": ""
  },
  "explorer": [],
  "fromSymbol": "ARB",
  "is_crypto": true,
  "is_minable": false,
  "name": "Arbit Coin",
  "network": {
    "t_available_supply": 0,
    "t_block_reward": 0,
    "t_max_supply": 0,
    "t_total_supply": 8761815
  },
  "proof_type": "PoW/PoS",
  "quote": ["https://blockmodo.com/quotes/ARB"],
  "social": ["https://twitter.com/@get_ARbit"],
  "source_code": [],
  "toSymbol": "ALL",
  "type": "COINREGISTRY",
  "version": 1,
  "website": "http://getaugmented.net/",
  "adoptedFromSymbol": "ARB"
}