{
    "algorithm": "Ethash",
    "chat": [],
    "community": [],
    "description": {
        "en": ""
    },
    "explorer": [],
    "fromSymbol": "ARBI",
    "is_crypto": true,
    "is_minable": false,
    "name": "Arbi",
    "network": {
        "t_available_supply": 0,
        "t_block_reward": 0,
        "t_max_supply": 50000,
        "t_total_supply": 0
    },
    "proof_type": "",
    "quote": [
        "https://blockmodo.com/quotes/ARBI"
    ],
    "social": [
        "https://twitter.com/"
    ],
    "source_code": [],
    "toSymbol": "ALL",
    "type": "COINREGISTRY",
    "version": 1,
    "website": "http://arbi.expert/en/"
}