{
  "algorithm": "",
  "chat": [],
  "community": [],
  "description": {
    "en": ""
  },
  "explorer": [],
  "fromSymbol": "ARCT",
  "is_crypto": true,
  "is_minable": false,
  "name": "ArbitrageCT",
  "network": {
    "t_available_supply": 90145179,
    "t_block_reward": 0,
    "t_max_supply": 0,
    "t_total_supply": 151219180
  },
  "proof_type": "",
  "quote": ["https://blockmodo.com/quotes/ARCT"],
  "social": ["https://twitter.com/@arbitrage_ct"],
  "source_code": [],
  "toSymbol": "ALL",
  "type": "COINREGISTRY",
  "version": 1,
  "website": "https://arbitragect.com/en/index.html",
  "adoptedFromSymbol": "ARCT"
}