{
  "algorithm": "",
  "chat": [],
  "community": ["https://www.reddit.com/r/Ardor"],
  "description": {
    "en": ""
  },
  "explorer": [],
  "fromSymbol": "ARDR",
  "is_crypto": true,
  "is_minable": false,
  "name": "Ardor",
  "network": {
    "t_available_supply": 998999495,
    "t_block_reward": 0,
    "t_max_supply": 998999495,
    "t_total_supply": 998999495
  },
  "proof_type": "PoS",
  "quote": ["https://blockmodo.com/quotes/ARDR"],
  "social": ["https://twitter.com/@ArdorPlatform"],
  "source_code": [],
  "toSymbol": "ALL",
  "type": "COINREGISTRY",
  "version": 1,
  "website": "https://www.ardorplatform.org/",
  "adoptedFromSymbol": "ARDR"
}