{
  "algorithm": "Scrypt",
  "chat": [],
  "community": [],
  "description": {
    "en": ""
  },
  "explorer": [],
  "fromSymbol": "ASAFE2",
  "is_crypto": true,
  "is_minable": false,
  "name": "Allsafe",
  "network": {
    "t_available_supply": 9717365,
    "t_block_reward": 0,
    "t_max_supply": 15000000,
    "t_total_supply": 9717365
  },
  "proof_type": "PoS",
  "quote": ["https://blockmodo.com/quotes/ASAFE2"],
  "social": ["https://twitter.com/@allsafetoken"],
  "source_code": [],
  "toSymbol": "ALL",
  "type": "COINREGISTRY",
  "version": 1,
  "website": "https://allsafetoken.com/",
  "adoptedFromSymbol": "ASAFE2"
}