{
  "algorithm": "QuBit",
  "chat": [],
  "community": [],
  "description": {
    "en": ""
  },
  "explorer": [],
  "fromSymbol": "ASN",
  "is_crypto": true,
  "is_minable": false,
  "name": "Ascension Coin",
  "network": {
    "t_available_supply": 0,
    "t_block_reward": 0,
    "t_max_supply": 0,
    "t_total_supply": 0
  },
  "proof_type": "PoW/PoS",
  "quote": ["https://blockmodo.com/quotes/ASN"],
  "social": ["https://twitter.com/@Dev_Ascension"],
  "source_code": [],
  "toSymbol": "ALL",
  "type": "COINREGISTRY",
  "version": 1,
  "website": "-",
  "adoptedFromSymbol": "ASN"
}