{
  "algorithm": "",
  "chat": [],
  "community": [],
  "description": {
    "en": ""
  },
  "explorer": [],
  "fromSymbol": "AST",
  "is_crypto": true,
  "is_minable": false,
  "name": "AirSwap",
  "network": {
    "t_available_supply": 150000000,
    "t_block_reward": 0,
    "t_max_supply": 0,
    "t_total_supply": 500000000
  },
  "proof_type": "",
  "quote": ["https://blockmodo.com/quotes/AST"],
  "social": ["https://twitter.com/@airswap"],
  "source_code": [],
  "toSymbol": "ALL",
  "type": "COINREGISTRY",
  "version": 1,
  "website": "https://www.airswap.io/",
  "adoptedFromSymbol": "AST"
}