{
  "algorithm": "Scrypt",
  "chat": [],
  "community": [],
  "description": {
    "en": ""
  },
  "explorer": [],
  "fromSymbol": "ATCC",
  "is_crypto": true,
  "is_minable": false,
  "name": "ATC Coin",
  "network": {
    "t_available_supply": 266413784,
    "t_block_reward": 0,
    "t_max_supply": 410000000,
    "t_total_supply": 410000000
  },
  "proof_type": "PoW",
  "quote": ["https://blockmodo.com/quotes/ATCC"],
  "social": ["https://twitter.com/"],
  "source_code": [],
  "toSymbol": "ALL",
  "type": "COINREGISTRY",
  "version": 1,
  "website": "http://atccoin.com/",
  "adoptedFromSymbol": "ATCC"
}