{
  "algorithm": "",
  "chat": [],
  "community": [],
  "description": {
    "en": ""
  },
  "explorer": [],
  "fromSymbol": "ATM",
  "is_crypto": true,
  "is_minable": false,
  "name": "ATMChain",
  "network": {
    "t_available_supply": 4660285460,
    "t_block_reward": 0,
    "t_max_supply": 0,
    "t_total_supply": 10000000000
  },
  "proof_type": "",
  "quote": ["https://blockmodo.com/quotes/ATM"],
  "social": ["https://twitter.com/@ATMChainDev"],
  "source_code": [],
  "toSymbol": "ALL",
  "type": "COINREGISTRY",
  "version": 1,
  "website": "https://www.atmchain.io/en.html",
  "adoptedFromSymbol": "ATM"
}