{
    "algorithm": "PoS",
    "chat": [],
    "community": [],
    "description": {
        "en": ""
    },
    "explorer": [],
    "fromSymbol": "ATMS",
    "is_crypto": true,
    "is_minable": false,
    "name": "Atmos",
    "network": {
        "t_available_supply": 0,
        "t_block_reward": 0,
        "t_max_supply": 110290030,
        "t_total_supply": 0
    },
    "proof_type": "PoS",
    "quote": [
        "https://blockmodo.com/quotes/ATMS"
    ],
    "social": [
        "https://twitter.com/@thenovusphere"
    ],
    "source_code": [],
    "toSymbol": "ALL",
    "type": "COINREGISTRY",
    "version": 1,
    "website": "https://novusphere.io/"
}