{
  "algorithm": "Scrypt",
  "chat": [],
  "community": [],
  "description": {
    "en": ""
  },
  "explorer": [],
  "fromSymbol": "ATOM",
  "is_crypto": true,
  "is_minable": false,
  "name": "Atomic Coin",
  "network": {
    "t_available_supply": 190688439,
    "t_block_reward": 0,
    "t_max_supply": 0,
    "t_total_supply": 237928231
  },
  "proof_type": "PoW/PoS",
  "quote": ["https://blockmodo.com/quotes/ATOM"],
  "social": ["https://twitter.com/@AtomcoinProject"],
  "source_code": [],
  "toSymbol": "ALL",
  "type": "COINREGISTRY",
  "version": 1,
  "website": "https://www.atomicproject.org/",
  "adoptedFromSymbol": "ATOM"
}