{
  "algorithm": "Scrypt",
  "chat": [],
  "community": [],
  "description": {
    "en": ""
  },
  "explorer": [],
  "fromSymbol": "AUR",
  "is_crypto": true,
  "is_minable": false,
  "name": "Aurora Coin",
  "network": {
    "t_available_supply": 17186683,
    "t_block_reward": 0,
    "t_max_supply": 0,
    "t_total_supply": 17186683
  },
  "proof_type": "PoW/PoS",
  "quote": ["https://blockmodo.com/quotes/AUR"],
  "social": ["https://twitter.com/@auroracoinIS"],
  "source_code": [],
  "toSymbol": "ALL",
  "type": "COINREGISTRY",
  "version": 1,
  "website": "http://auroraspjall.is/",
  "adoptedFromSymbol": "AUR"
}