{
  "algorithm": "",
  "chat": [],
  "community": [],
  "description": {
    "en": ""
  },
  "explorer": [],
  "fromSymbol": "AVT",
  "is_crypto": true,
  "is_minable": false,
  "name": "AventCoin",
  "network": {
    "t_available_supply": 6000000,
    "t_block_reward": 0,
    "t_max_supply": 0,
    "t_total_supply": 10000000
  },
  "proof_type": "",
  "quote": ["https://blockmodo.com/quotes/AVT"],
  "social": ["https://twitter.com/@AventusPF"],
  "source_code": [],
  "toSymbol": "ALL",
  "type": "COINREGISTRY",
  "version": 1,
  "website": "https://aventus.io/",
  "adoptedFromSymbol": "AVT"
}