{
  "algorithm": "",
  "chat": [],
  "community": [],
  "description": {
    "en": ""
  },
  "explorer": [],
  "fromSymbol": "AXIOM",
  "is_crypto": true,
  "is_minable": false,
  "name": "Axiom Coin",
  "network": {
    "t_available_supply": 0,
    "t_block_reward": 0,
    "t_max_supply": 0,
    "t_total_supply": 0
  },
  "proof_type": "PoW/PoS",
  "quote": ["https://blockmodo.com/quotes/AXIOM"],
  "social": ["https://twitter.com/@AxiomCrypto"],
  "source_code": [],
  "toSymbol": "ALL",
  "type": "COINREGISTRY",
  "version": 1,
  "website": "-",
  "adoptedFromSymbol": "AXIOM"
}