{
    "algorithm": "",
    "chat": [],
    "community": [],
    "description": {
        "en": ""
    },
    "explorer": [],
    "fromSymbol": "BAC",
    "is_crypto": true,
    "is_minable": false,
    "name": "BitalphaCoin",
    "network": {
        "t_available_supply": 0,
        "t_block_reward": 0,
        "t_max_supply": 7850161887,
        "t_total_supply": 0
    },
    "proof_type": "PoW",
    "quote": [
        "https://blockmodo.com/quotes/BAC"
    ],
    "social": [
        "https://twitter.com/@bitalphacoin"
    ],
    "source_code": [],
    "toSymbol": "ALL",
    "type": "COINREGISTRY",
    "version": 1,
    "website": "http://bitalphacoin.com/wp/"
}