{
    "algorithm": "PoS",
    "chat": [],
    "community": [],
    "description": {
        "en": ""
    },
    "explorer": [],
    "fromSymbol": "BAN",
    "is_crypto": true,
    "is_minable": false,
    "name": "Babes and Nerds",
    "network": {
        "t_available_supply": 0,
        "t_block_reward": 0,
        "t_max_supply": 150000000,
        "t_total_supply": 0
    },
    "proof_type": "",
    "quote": [
        "https://blockmodo.com/quotes/BAN"
    ],
    "social": [
        "https://twitter.com/@BabesAndNerds"
    ],
    "source_code": [],
    "toSymbol": "ALL",
    "type": "COINREGISTRY",
    "version": 1,
    "website": "-"
}