{
  "algorithm": "",
  "chat": [],
  "community": [],
  "description": {
    "en": ""
  },
  "explorer": [],
  "fromSymbol": "BANCA",
  "is_crypto": true,
  "is_minable": false,
  "name": "BANCA",
  "network": {
    "t_available_supply": 17926481684,
    "t_block_reward": 0,
    "t_max_supply": 0,
    "t_total_supply": 20000000000
  },
  "proof_type": "",
  "quote": ["https://blockmodo.com/quotes/BANCA"],
  "social": ["https://twitter.com/@Banca_Official"],
  "source_code": [],
  "toSymbol": "ALL",
  "type": "COINREGISTRY",
  "version": 1,
  "website": "https://www.banca.world",
  "adoptedFromSymbol": "BANCA"
}