{
  "algorithm": "",
  "chat": [],
  "community": [],
  "description": {
    "en": ""
  },
  "explorer": [],
  "fromSymbol": "BAS",
  "is_crypto": true,
  "is_minable": false,
  "name": "BitAsean",
  "network": {
    "t_available_supply": 5000000,
    "t_block_reward": 0,
    "t_max_supply": 0,
    "t_total_supply": 30000000
  },
  "proof_type": "",
  "quote": ["https://blockmodo.com/quotes/BAS"],
  "social": ["https://twitter.com/@BitAseanTeam"],
  "source_code": [],
  "toSymbol": "ALL",
  "type": "COINREGISTRY",
  "version": 1,
  "website": "https://www.bitasean.org/",
  "adoptedFromSymbol": "BAS"
}