{
  "algorithm": "X11",
  "chat": [],
  "community": [],
  "description": {
    "en": ""
  },
  "explorer": [],
  "fromSymbol": "BBR",
  "is_crypto": true,
  "is_minable": false,
  "name": "Boolberry",
  "network": {
    "t_available_supply": 12489790,
    "t_block_reward": 0,
    "t_max_supply": 18450000,
    "t_total_supply": 12489790
  },
  "proof_type": "PoW",
  "quote": ["https://blockmodo.com/quotes/BBR"],
  "social": ["https://twitter.com/@BoolberryBBR"],
  "source_code": [],
  "toSymbol": "ALL",
  "type": "COINREGISTRY",
  "version": 1,
  "website": "http://boolberry.com/",
  "adoptedFromSymbol": "BBR"
}