{
  "algorithm": "",
  "chat": [],
  "community": [],
  "description": {
    "en": ""
  },
  "explorer": [],
  "fromSymbol": "BCDN",
  "is_crypto": true,
  "is_minable": false,
  "name": "BlockCDN ",
  "network": {
    "t_available_supply": 0,
    "t_block_reward": 0,
    "t_max_supply": 0,
    "t_total_supply": 1000000000
  },
  "proof_type": "",
  "quote": ["https://blockmodo.com/quotes/BCDN"],
  "social": ["https://twitter.com/@BlockCDN"],
  "source_code": [],
  "toSymbol": "ALL",
  "type": "COINREGISTRY",
  "version": 1,
  "website": "http://www.blockcdn.org/index_en.html",
  "adoptedFromSymbol": "BCDN"
}