{
  "algorithm": "CryptoNight",
  "chat": [],
  "community": ["https://www.reddit.com/r/BytecoinBCN"],
  "description": {
    "en": ""
  },
  "explorer": [],
  "fromSymbol": "BCN",
  "is_crypto": true,
  "is_minable": false,
  "name": "ByteCoin",
  "network": {
    "t_available_supply": 184066828814,
    "t_block_reward": 0,
    "t_max_supply": 184470000000,
    "t_total_supply": 184066828814
  },
  "proof_type": "PoW",
  "quote": ["https://blockmodo.com/quotes/BCN"],
  "social": ["https://twitter.com/@Bytecoin_BCN"],
  "source_code": ["https://github.com/amjuarez/bytecoin", "https://github.com/amjuarez/bytecoin-gui"],
  "toSymbol": "ALL",
  "type": "COINREGISTRY",
  "version": 1,
  "website": "https://bytecoin.org/",
  "adoptedFromSymbol": "BCN"
}