{
  "algorithm": "SHA256",
  "chat": [],
  "community": [],
  "description": {
    "en": ""
  },
  "explorer": [],
  "fromSymbol": "BCX",
  "is_crypto": true,
  "is_minable": false,
  "name": "BattleCoin",
  "network": {
    "t_available_supply": 0,
    "t_block_reward": 0,
    "t_max_supply": 210000000000,
    "t_total_supply": 167361683927
  },
  "proof_type": "PoS",
  "quote": ["https://blockmodo.com/quotes/BCX"],
  "social": ["https://twitter.com/@BattlecoinBCX"],
  "source_code": [],
  "toSymbol": "ALL",
  "type": "COINREGISTRY",
  "version": 1,
  "website": "http://battlecoinxchange.com/",
  "adoptedFromSymbol": "BCX"
}