{
  "algorithm": "Counterparty",
  "chat": [],
  "community": [],
  "description": {
    "en": ""
  },
  "explorer": [],
  "fromSymbol": "BCY",
  "is_crypto": true,
  "is_minable": false,
  "name": "BitCrystals",
  "network": {
    "t_available_supply": 22995148,
    "t_block_reward": 0,
    "t_max_supply": 0,
    "t_total_supply": 22995148
  },
  "proof_type": "",
  "quote": ["https://blockmodo.com/quotes/BCY"],
  "social": ["https://twitter.com/@spellsofgenesis"],
  "source_code": [],
  "toSymbol": "ALL",
  "type": "COINREGISTRY",
  "version": 1,
  "website": "http://bitcrystals.com/",
  "adoptedFromSymbol": "BCY"
}