{
  "algorithm": "Scrypt",
  "chat": [],
  "community": [],
  "description": {
    "en": ""
  },
  "explorer": [],
  "fromSymbol": "BDL",
  "is_crypto": true,
  "is_minable": false,
  "name": "Bitdeal",
  "network": {
    "t_available_supply": 175583793,
    "t_block_reward": 0,
    "t_max_supply": 300000000,
    "t_total_supply": 219596262
  },
  "proof_type": "PoW",
  "quote": ["https://blockmodo.com/quotes/BDL"],
  "social": ["https://twitter.com/@bitdealuk"],
  "source_code": [],
  "toSymbol": "ALL",
  "type": "COINREGISTRY",
  "version": 1,
  "website": "https://bitdeal.co.in/",
  "adoptedFromSymbol": "BDL"
}