{
  "algorithm": "SHA256",
  "chat": [],
  "community": [],
  "description": {
    "en": ""
  },
  "explorer": [],
  "fromSymbol": "BEN",
  "is_crypto": true,
  "is_minable": false,
  "name": "Benjamins",
  "network": {
    "t_available_supply": 7000000,
    "t_block_reward": 0,
    "t_max_supply": 0,
    "t_total_supply": 100000000
  },
  "proof_type": "PoW",
  "quote": ["https://blockmodo.com/quotes/BEN"],
  "social": ["https://twitter.com/"],
  "source_code": [],
  "toSymbol": "ALL",
  "type": "COINREGISTRY",
  "version": 1,
  "website": "-"
}