{
  "algorithm": "Scrypt",
  "chat": [],
  "community": [],
  "description": {
    "en": ""
  },
  "explorer": [],
  "fromSymbol": "BENJI",
  "is_crypto": true,
  "is_minable": false,
  "name": "BenjiRolls",
  "network": {
    "t_available_supply": 20276099,
    "t_block_reward": 0,
    "t_max_supply": 0,
    "t_total_supply": 20276099
  },
  "proof_type": "PoW",
  "quote": ["https://blockmodo.com/quotes/BENJI"],
  "social": ["https://twitter.com/@BenjiRolls"],
  "source_code": [],
  "toSymbol": "ALL",
  "type": "COINREGISTRY",
  "version": 1,
  "website": "http://benjirolls.cf/",
  "adoptedFromSymbol": "BENJI"
}