{
  "algorithm": null,
  "chat": ["https://t.me/joinchat/HNsEWQ-L0aCjHMsmKW-d_w", "https://betterbetting.slack.com/"],
  "community": ["https://www.reddit.com/user/BETRBetting"],
  "description": {
    "en": "BETR is the betting crypto-currency that has establish truly decentralised sports betting on the blockchain."
  },
  "explorer": ["https://etherscan.io/token/0x763186eb8d4856d536ed4478302971214febc6a9"],
  "fromSymbol": "BETR",
  "is_crypto": true,
  "is_minable": false,
  "name": "Better Betting",
  "network": {
    "t_available_supply": 173547367,
    "t_block_reward": 0,
    "t_max_supply": 0,
    "t_total_supply": 200585763
  },
  "proof_type": null,
  "quote": ["https://blockmodo.com/quotes/BETR"],
  "social": ["https://twitter.com/@BETRBetting"],
  "source_code": ["https://github.com/BetterBetting/Contracts"],
  "toSymbol": "ALL",
  "type": "COINREGISTRY",
  "version": 1,
  "website": "https://betterbetting.org/",
  "adoptedFromSymbol": "BETR"
}