{
  "algorithm": "",
  "chat": [],
  "community": [],
  "description": {
    "en": ""
  },
  "explorer": [],
  "fromSymbol": "BFT",
  "is_crypto": true,
  "is_minable": false,
  "name": "BF Token (BFT)",
  "network": {
    "t_available_supply": 629989999,
    "t_block_reward": 0,
    "t_max_supply": 0,
    "t_total_supply": 1000000000
  },
  "proof_type": "",
  "quote": ["https://blockmodo.com/quotes/BFT"],
  "social": ["https://twitter.com/@BankToTheFuture"],
  "source_code": [],
  "toSymbol": "ALL",
  "type": "COINREGISTRY",
  "version": 1,
  "website": "https://bnktothefuture.com/",
  "adoptedFromSymbol": "BFT"
}