{
    "algorithm": "CryptoNight",
    "chat": [],
    "community": [],
    "description": {
        "en": ""
    },
    "explorer": [],
    "fromSymbol": "BIC",
    "is_crypto": true,
    "is_minable": false,
    "name": "Bikercoins",
    "network": {
        "t_available_supply": 0,
        "t_block_reward": 0,
        "t_max_supply": 25000000,
        "t_total_supply": 0
    },
    "proof_type": "PoW",
    "quote": [
        "https://blockmodo.com/quotes/BIC"
    ],
    "social": [
        "https://twitter.com/@BikerCoins"
    ],
    "source_code": [],
    "toSymbol": "ALL",
    "type": "COINREGISTRY",
    "version": 1,
    "website": "http://bikercoin.org/"
}