{
  "algorithm": "",
  "chat": [],
  "community": [],
  "description": {
    "en": ""
  },
  "explorer": [],
  "fromSymbol": "BIGUP",
  "is_crypto": true,
  "is_minable": false,
  "name": "BigUp",
  "network": {
    "t_available_supply": 2137572489,
    "t_block_reward": 0,
    "t_max_supply": 0,
    "t_total_supply": 2137572489
  },
  "proof_type": "PoS",
  "quote": ["https://blockmodo.com/quotes/BIGUP"],
  "social": ["https://twitter.com/@BigUpKing"],
  "source_code": [],
  "toSymbol": "ALL",
  "type": "COINREGISTRY",
  "version": 1,
  "website": "http://bigup.club/",
  "adoptedFromSymbol": "BIGUP"
}