{
  "algorithm": "SHA256D",
  "chat": [],
  "community": [],
  "description": {
    "en": ""
  },
  "explorer": [],
  "fromSymbol": "BIOB",
  "is_crypto": true,
  "is_minable": false,
  "name": "BioBar",
  "network": {
    "t_available_supply": 0,
    "t_block_reward": 0,
    "t_max_supply": 0,
    "t_total_supply": 985756
  },
  "proof_type": "PoW/PoS",
  "quote": ["https://blockmodo.com/quotes/BIOB"],
  "social": ["https://twitter.com/@BioBar_Crypto"],
  "source_code": [],
  "toSymbol": "ALL",
  "type": "COINREGISTRY",
  "version": 1,
  "website": "http://www.biobar-crypto.ml"
}