{
    "algorithm": "Quark",
    "chat": [],
    "community": [],
    "description": {
        "en": ""
    },
    "explorer": [],
    "fromSymbol": "BIOS",
    "is_crypto": true,
    "is_minable": false,
    "name": "BiosCrypto",
    "network": {
        "t_available_supply": 0,
        "t_block_reward": 0,
        "t_max_supply": 20190463,
        "t_total_supply": 0
    },
    "proof_type": "PoW/PoS",
    "quote": [
        "https://blockmodo.com/quotes/BIOS"
    ],
    "social": [
        "https://twitter.com/@vanyabios"
    ],
    "source_code": [],
    "toSymbol": "ALL",
    "type": "COINREGISTRY",
    "version": 1,
    "website": "-"
}