{
  "algorithm": "CryptoNight",
  "chat": [],
  "community": [],
  "description": {
    "en": ""
  },
  "explorer": [],
  "fromSymbol": "BIP",
  "is_crypto": true,
  "is_minable": false,
  "name": "BipCoin",
  "network": {
    "t_available_supply": 1627261,
    "t_block_reward": 0,
    "t_max_supply": 0,
    "t_total_supply": 1627261
  },
  "proof_type": "PoW",
  "quote": ["https://blockmodo.com/quotes/BIP"],
  "social": ["https://twitter.com/"],
  "source_code": [],
  "toSymbol": "ALL",
  "type": "COINREGISTRY",
  "version": 1,
  "website": "https://bipcoin.org/",
  "adoptedFromSymbol": "BIP"
}