{
  "algorithm": "",
  "chat": [],
  "community": [],
  "description": {
    "en": ""
  },
  "explorer": [],
  "fromSymbol": "BIS",
  "is_crypto": true,
  "is_minable": false,
  "name": "Bismuth",
  "network": {
    "t_available_supply": 14623824,
    "t_block_reward": 0,
    "t_max_supply": 0,
    "t_total_supply": 15386745
  },
  "proof_type": "PoW",
  "quote": ["https://blockmodo.com/quotes/BIS"],
  "social": ["https://twitter.com/@CryptoBismuth"],
  "source_code": [],
  "toSymbol": "ALL",
  "type": "COINREGISTRY",
  "version": 1,
  "website": "http://bismuth.cz/",
  "adoptedFromSymbol": "BIS"
}