{
    "algorithm": "NIST5",
    "chat": [],
    "community": [],
    "description": {
        "en": ""
    },
    "explorer": [],
    "fromSymbol": "BIT16",
    "is_crypto": true,
    "is_minable": false,
    "name": "16BitCoin",
    "network": {
        "t_available_supply": 0,
        "t_block_reward": 0,
        "t_max_supply": 16000000,
        "t_total_supply": 0
    },
    "proof_type": "PoW/PoS",
    "quote": [
        "https://blockmodo.com/quotes/BIT16"
    ],
    "social": [
        "https://twitter.com/@16bit_coin"
    ],
    "source_code": [],
    "toSymbol": "ALL",
    "type": "COINREGISTRY",
    "version": 1,
    "website": "http://www.16bit.ml/"
}