{
  "algorithm": "",
  "chat": [],
  "community": [],
  "description": {
    "en": ""
  },
  "explorer": [],
  "fromSymbol": "BITCNY",
  "is_crypto": true,
  "is_minable": false,
  "name": "bitCNY",
  "network": {
    "t_available_supply": 46082000,
    "t_block_reward": 0,
    "t_max_supply": 0,
    "t_total_supply": 46082000
  },
  "proof_type": "",
  "quote": ["https://blockmodo.com/quotes/BITCNY"],
  "social": ["https://twitter.com/"],
  "source_code": [],
  "toSymbol": "ALL",
  "type": "COINREGISTRY",
  "version": 1,
  "website": "-",
  "adoptedFromSymbol": "BITCNY"
}