{
  "algorithm": "Scrypt",
  "chat": [],
  "community": [],
  "description": {
    "en": ""
  },
  "explorer": [],
  "fromSymbol": "BITOK",
  "is_crypto": true,
  "is_minable": false,
  "name": "BitOKX",
  "network": {
    "t_available_supply": 0,
    "t_block_reward": 0,
    "t_max_supply": 0,
    "t_total_supply": 2000000000
  },
  "proof_type": "PoS",
  "quote": ["https://blockmodo.com/quotes/BITOK"],
  "social": ["https://twitter.com/@bitokonline"],
  "source_code": [],
  "toSymbol": "ALL",
  "type": "COINREGISTRY",
  "version": 1,
  "website": "http://bitok.online",
  "adoptedFromSymbol": "BITOK"
}