{
  "algorithm": "Scrypt",
  "chat": [],
  "community": [],
  "description": {
    "en": ""
  },
  "explorer": [],
  "fromSymbol": "BITS",
  "is_crypto": true,
  "is_minable": false,
  "name": "BitstarCoin",
  "network": {
    "t_available_supply": 19956976,
    "t_block_reward": 0,
    "t_max_supply": 0,
    "t_total_supply": 19956976
  },
  "proof_type": "PoW/PoS",
  "quote": ["https://blockmodo.com/quotes/BITS"],
  "social": ["https://twitter.com/@Bitstar_coinz"],
  "source_code": [],
  "toSymbol": "ALL",
  "type": "COINREGISTRY",
  "version": 1,
  "website": "http://bitstarcoin.com/",
  "adoptedFromSymbol": "BITS"
}