{
  "algorithm": "",
  "chat": [],
  "community": [],
  "description": {
    "en": ""
  },
  "explorer": [],
  "fromSymbol": "BITUSD",
  "is_crypto": true,
  "is_minable": false,
  "name": "bitUSD",
  "network": {
    "t_available_supply": 6624300,
    "t_block_reward": 0,
    "t_max_supply": 0,
    "t_total_supply": 6624300
  },
  "proof_type": "",
  "quote": ["https://blockmodo.com/quotes/BITUSD"],
  "social": ["https://twitter.com/@bitshares"],
  "source_code": [],
  "toSymbol": "ALL",
  "type": "COINREGISTRY",
  "version": 1,
  "website": "-",
  "adoptedFromSymbol": "BITUSD"
}