{
  "algorithm": "",
  "chat": [],
  "community": [],
  "description": {
    "en": ""
  },
  "explorer": [],
  "fromSymbol": "BKX",
  "is_crypto": true,
  "is_minable": false,
  "name": "BANKEX",
  "network": {
    "t_available_supply": 93521106,
    "t_block_reward": 0,
    "t_max_supply": 0,
    "t_total_supply": 400000000
  },
  "proof_type": "",
  "quote": ["https://blockmodo.com/quotes/BKX"],
  "social": ["https://twitter.com/@BankExProtocol"],
  "source_code": [],
  "toSymbol": "ALL",
  "type": "COINREGISTRY",
  "version": 1,
  "website": "https://bankex.com/",
  "adoptedFromSymbol": "BKX"
}