{
  "algorithm": "Blake",
  "chat": [],
  "community": [],
  "description": {
    "en": ""
  },
  "explorer": [],
  "fromSymbol": "BLC",
  "is_crypto": true,
  "is_minable": false,
  "name": "BlakeCoin",
  "network": {
    "t_available_supply": 20248404,
    "t_block_reward": 0,
    "t_max_supply": 7000000000,
    "t_total_supply": 20248404
  },
  "proof_type": "PoW",
  "quote": ["https://blockmodo.com/quotes/BLC"],
  "social": ["https://twitter.com/@BlakeCoin"],
  "source_code": [],
  "toSymbol": "ALL",
  "type": "COINREGISTRY",
  "version": 1,
  "website": "https://blakecoin.org/",
  "adoptedFromSymbol": "BLC"
}