{
  "algorithm": "Scrypt",
  "chat": [],
  "community": [],
  "description": {
    "en": ""
  },
  "explorer": [],
  "fromSymbol": "BLK",
  "is_crypto": true,
  "is_minable": false,
  "name": "BlackCoin",
  "network": {
    "t_available_supply": 62501313,
    "t_block_reward": 0,
    "t_max_supply": 0,
    "t_total_supply": 62501313
  },
  "proof_type": "PoS",
  "quote": ["https://blockmodo.com/quotes/BLK"],
  "social": ["https://twitter.com/@CoinBlack"],
  "source_code": [],
  "toSymbol": "ALL",
  "type": "COINREGISTRY",
  "version": 1,
  "website": "http://blackcoin.co/",
  "adoptedFromSymbol": "BLK"
}