{
    "algorithm": "",
    "chat": [],
    "community": [],
    "description": {
        "en": ""
    },
    "explorer": [],
    "fromSymbol": "BLOCKPAY",
    "is_crypto": true,
    "is_minable": false,
    "name": "BlockPay",
    "network": {
        "t_available_supply": 5428300,
        "t_block_reward": 0,
        "t_max_supply": 0,
        "t_total_supply": 5428300
    },
    "proof_type": "",
    "quote": [
        "https://blockmodo.com/quotes/BLOCKPAY"
    ],
    "social": [
        "https://twitter.com/@blockpay_ch"
    ],
    "source_code": [],
    "toSymbol": "ALL",
    "type": "COINREGISTRY",
    "version": 1,
    "website": "http://blockpay.ch/"
}