{
  "algorithm": "",
  "chat": [],
  "community": [],
  "description": {
    "en": ""
  },
  "explorer": [],
  "fromSymbol": "BLT",
  "is_crypto": true,
  "is_minable": false,
  "name": "Bloom Token",
  "network": {
    "t_available_supply": 47861697,
    "t_block_reward": 0,
    "t_max_supply": 0,
    "t_total_supply": 150000000
  },
  "proof_type": "",
  "quote": ["https://blockmodo.com/quotes/BLT"],
  "social": ["https://twitter.com/@BloomToken"],
  "source_code": [],
  "toSymbol": "ALL",
  "type": "COINREGISTRY",
  "version": 1,
  "website": "https://hellobloom.io/",
  "adoptedFromSymbol": "BLT"
}