{
  "algorithm": "X11",
  "chat": [],
  "community": [],
  "description": {
    "en": ""
  },
  "explorer": [],
  "fromSymbol": "BLU",
  "is_crypto": true,
  "is_minable": false,
  "name": "BlueCoin",
  "network": {
    "t_available_supply": 574683675,
    "t_block_reward": 0,
    "t_max_supply": 0,
    "t_total_supply": 574683675
  },
  "proof_type": "PoW/PoS",
  "quote": ["https://blockmodo.com/quotes/BLU"],
  "social": ["https://twitter.com/@BlueCoin_info"],
  "source_code": [],
  "toSymbol": "ALL",
  "type": "COINREGISTRY",
  "version": 1,
  "website": "http://www.bluecoin.io/",
  "adoptedFromSymbol": "BLU"
}