{
  "algorithm": "",
  "chat": [],
  "community": [],
  "description": {
    "en": ""
  },
  "explorer": [],
  "fromSymbol": "BLUE",
  "is_crypto": true,
  "is_minable": false,
  "name": "Ethereum Blue",
  "network": {
    "t_available_supply": 36645278,
    "t_block_reward": 0,
    "t_max_supply": 42000000,
    "t_total_supply": 42000000
  },
  "proof_type": "",
  "quote": ["https://blockmodo.com/quotes/BLUE"],
  "social": ["https://twitter.com/@EthereumBlue"],
  "source_code": [],
  "toSymbol": "ALL",
  "type": "COINREGISTRY",
  "version": 1,
  "website": "http://www.etherblue.org/",
  "adoptedFromSymbol": "BLUE"
}