{
  "algorithm": null,
  "chat": ["https://t.me/binanceexchange"],
  "community": ["https://www.reddit.com/r/BNBTrader", "https://www.reddit.com/r/binanceexchange", "https://www.reddit.com/r/binance/"],
  "description": {
    "en": "From the ICO, Binance issued its own token called the Binance Coin, with BNB as the symbol. BNB runs natively on the Ethereum blockchain and follows the ERC20 token standard.The token was established with a total supply of 200 million. As per our whitepaper, Binance plans to use 20% of our profits each Quarter to buyback and burn BNB, until 50% of the total BNB supply (100 million) is burned."
  },
  "explorer": ["https://ethplorer.io/address/0xb8c77482e45f1f44de1745f52c74426c631bdd52", "https://etherscan.io/token/0xB8c77482e45F1F44dE1745F52C74426C631bDD52"],
  "fromSymbol": "BNB",
  "is_crypto": true,
  "is_minable": false,
  "name": "Binance Coin",
  "images": {
    "image64": "https://storage.googleapis.com/blockmodo/coins/images/BNB_64_64.png",
    "image128": "https://storage.googleapis.com/blockmodo/coins/images/BNB_128_128.png",
    "image256": "https://storage.googleapis.com/blockmodo/coins/images/BNB_256_256.png",
    "image512": "https://storage.googleapis.com/blockmodo/coins/images/BNB_512_512.png",
    "image1024": "https://storage.googleapis.com/blockmodo/coins/images/BNB_1204_1024.png"
  },
  "network": {
    "t_available_supply": 141175490,
    "t_block_reward": 0,
    "t_max_supply": 0,
    "t_total_supply": 189175490
  },
  "proof_type": null,
  "quote": ["https://blockmodo.com/quotes/BNB"],
  "social": ["https://twitter.com/@binance", "https://www.instagram.com/binanceexchange", "https://www.facebook.com/binanceexchange"],
  "source_code": ["https://github.com/binance-exchange/binance-api-node", "https://github.com/binance-exchange/binance-official-api-docs", "https://github.com/binance-exchange/binance-java-api"],
  "toSymbol": "ALL",
  "type": "COINREGISTRY",
  "version": 1,
  "website": "https://www.binance.com/",
  "adoptedFromSymbol": "BNB"
}