{
  "algorithm": "",
  "chat": [],
  "community": [],
  "description": {
    "en": ""
  },
  "explorer": [],
  "fromSymbol": "BNC",
  "is_crypto": true,
  "is_minable": false,
  "name": "Benjacoin",
  "network": {
    "t_available_supply": 536244133,
    "t_block_reward": 0,
    "t_max_supply": 0,
    "t_total_supply": 700000000
  },
  "proof_type": "",
  "quote": ["https://blockmodo.com/quotes/BNC"],
  "social": ["https://twitter.com/@benjacoin"],
  "source_code": [],
  "toSymbol": "ALL",
  "type": "COINREGISTRY",
  "version": 1,
  "website": "https://www.benjacoin.com/"
}