{
  "algorithm": "",
  "chat": [],
  "community": [],
  "description": {
    "en": ""
  },
  "explorer": [],
  "fromSymbol": "BNK",
  "is_crypto": true,
  "is_minable": false,
  "name": "Bankera",
  "network": {
    "t_available_supply": 0,
    "t_block_reward": 0,
    "t_max_supply": 0,
    "t_total_supply": 25000000000
  },
  "proof_type": "",
  "quote": ["https://blockmodo.com/quotes/BNK"],
  "social": ["https://twitter.com/@Bankeracom"],
  "source_code": [],
  "toSymbol": "ALL",
  "type": "COINREGISTRY",
  "version": 1,
  "website": "https://spectrocoin.com/en/signup.html?referralId=1613062519",
  "adoptedFromSymbol": "BNK"
}