{
  "algorithm": "",
  "chat": [],
  "community": ["https://www.reddit.com/r/Bancor"],
  "description": {
    "en": ""
  },
  "explorer": [],
  "fromSymbol": "BNT",
  "is_crypto": true,
  "is_minable": false,
  "name": "Bancor Network Token",
  "network": {
    "t_available_supply": 62827544,
    "t_block_reward": 0,
    "t_max_supply": 0,
    "t_total_supply": 73853030
  },
  "proof_type": "",
  "quote": ["https://blockmodo.com/quotes/BNT"],
  "social": ["https://twitter.com/@bancornetwork"],
  "source_code": [],
  "toSymbol": "ALL",
  "type": "COINREGISTRY",
  "version": 1,
  "website": "https://bancor.network/",
  "adoptedFromSymbol": "BNT"
}