{
  "algorithm": "",
  "chat": [],
  "community": [],
  "description": {
    "en": ""
  },
  "explorer": [],
  "fromSymbol": "BNTY",
  "is_crypto": true,
  "is_minable": false,
  "name": "Bounty0x",
  "network": {
    "t_available_supply": 186296644,
    "t_block_reward": 0,
    "t_max_supply": 0,
    "t_total_supply": 500000000
  },
  "proof_type": "",
  "quote": ["https://blockmodo.com/quotes/BNTY"],
  "social": ["https://twitter.com/@bounty0x"],
  "source_code": [],
  "toSymbol": "ALL",
  "type": "COINREGISTRY",
  "version": 1,
  "website": "https://www.bitmex.com",
  "adoptedFromSymbol": "BNTY"
}