{
  "algorithm": "X11",
  "chat": [],
  "community": [],
  "description": {
    "en": ""
  },
  "explorer": [],
  "fromSymbol": "BNX",
  "is_crypto": true,
  "is_minable": false,
  "name": "BnrtxCoin",
  "network": {
    "t_available_supply": 34774501,
    "t_block_reward": 0,
    "t_max_supply": 0,
    "t_total_supply": 34774501
  },
  "proof_type": "PoW",
  "quote": ["https://blockmodo.com/quotes/BNX"],
  "social": ["https://twitter.com/"],
  "source_code": [],
  "toSymbol": "ALL",
  "type": "COINREGISTRY",
  "version": 1,
  "website": "http://www.bnrtx.com",
  "adoptedFromSymbol": "BNX"
}