{
  "algorithm": "HMQ1725",
  "chat": [],
  "community": [],
  "description": {
    "en": ""
  },
  "explorer": [],
  "fromSymbol": "BOAT",
  "is_crypto": true,
  "is_minable": false,
  "name": "Doubloon",
  "network": {
    "t_available_supply": 72138644,
    "t_block_reward": 0,
    "t_max_supply": 500000000,
    "t_total_supply": 72138644
  },
  "proof_type": "PoW/PoS",
  "quote": ["https://blockmodo.com/quotes/BOAT"],
  "social": ["https://twitter.com/"],
  "source_code": [],
  "toSymbol": "ALL",
  "type": "COINREGISTRY",
  "version": 1,
  "website": "-",
  "adoptedFromSymbol": "BOAT"
}