{
  "algorithm": "Scrypt",
  "chat": [],
  "community": [],
  "description": {
    "en": ""
  },
  "explorer": [],
  "fromSymbol": "BOB",
  "is_crypto": true,
  "is_minable": false,
  "name": "Bob Coin",
  "network": {
    "t_available_supply": 78286331,
    "t_block_reward": 0,
    "t_max_supply": 0,
    "t_total_supply": 360000000
  },
  "proof_type": "PoW",
  "quote": ["https://blockmodo.com/quotes/BOB"],
  "social": ["https://twitter.com/@Dobbscoin"],
  "source_code": [],
  "toSymbol": "ALL",
  "type": "COINREGISTRY",
  "version": 1,
  "website": "http://www.dobbscoin.info/",
  "adoptedFromSymbol": "BOB"
}