{
  "algorithm": "X11",
  "chat": [],
  "community": [],
  "description": {
    "en": ""
  },
  "explorer": [],
  "fromSymbol": "BOLI",
  "is_crypto": true,
  "is_minable": false,
  "name": "BolivarCoin",
  "network": {
    "t_available_supply": 12682437,
    "t_block_reward": 0,
    "t_max_supply": 25000000,
    "t_total_supply": 12682437
  },
  "proof_type": "PoW",
  "quote": ["https://blockmodo.com/quotes/BOLI"],
  "social": ["https://twitter.com/@Bolivarcoin"],
  "source_code": [],
  "toSymbol": "ALL",
  "type": "COINREGISTRY",
  "version": 1,
  "website": "http://bolicoin.com/",
  "adoptedFromSymbol": "BOLI"
}