{
    "algorithm": "X13",
    "chat": [],
    "community": [],
    "description": {
        "en": ""
    },
    "explorer": [],
    "fromSymbol": "BOOM",
    "is_crypto": true,
    "is_minable": false,
    "name": "BOOM Coin",
    "network": {
        "t_available_supply": 0,
        "t_block_reward": 0,
        "t_max_supply": 0,
        "t_total_supply": 0
    },
    "proof_type": "PoW/PoS",
    "quote": [
        "https://blockmodo.com/quotes/BOOM"
    ],
    "social": [
        "https://twitter.com/@Boom_Coin"
    ],
    "source_code": [],
    "toSymbol": "ALL",
    "type": "COINREGISTRY",
    "version": 1,
    "website": "http://cleverhash.com/boom/"
}