{
  "algorithm": "X13",
  "chat": [],
  "community": [],
  "description": {
    "en": ""
  },
  "explorer": [],
  "fromSymbol": "BOST",
  "is_crypto": true,
  "is_minable": false,
  "name": "BoostCoin",
  "network": {
    "t_available_supply": 11855487,
    "t_block_reward": 0,
    "t_max_supply": 0,
    "t_total_supply": 11855487
  },
  "proof_type": "PoW/PoS",
  "quote": ["https://blockmodo.com/quotes/BOST"],
  "social": ["https://twitter.com/"],
  "source_code": [],
  "toSymbol": "ALL",
  "type": "COINREGISTRY",
  "version": 1,
  "website": "-",
  "adoptedFromSymbol": "BOST"
}