{
  "algorithm": "DPoS",
  "chat": [],
  "community": [],
  "description": {
    "en": ""
  },
  "explorer": [],
  "fromSymbol": "BPL",
  "is_crypto": true,
  "is_minable": false,
  "name": "BlockPool",
  "network": {
    "t_available_supply": 22293890,
    "t_block_reward": 0,
    "t_max_supply": 0,
    "t_total_supply": 25264095
  },
  "proof_type": "",
  "quote": ["https://blockmodo.com/quotes/BPL"],
  "social": ["https://twitter.com/@BLOCKPOOLIO"],
  "source_code": [],
  "toSymbol": "ALL",
  "type": "COINREGISTRY",
  "version": 1,
  "website": "https://www.blockpool.io/",
  "adoptedFromSymbol": "BPL"
}