{
  "algorithm": "",
  "chat": [],
  "community": [],
  "description": {
    "en": ""
  },
  "explorer": [],
  "fromSymbol": "BPT",
  "is_crypto": true,
  "is_minable": false,
  "name": "Blockport",
  "network": {
    "t_available_supply": 52870933,
    "t_block_reward": 0,
    "t_max_supply": 0,
    "t_total_supply": 69434800
  },
  "proof_type": "",
  "quote": ["https://blockmodo.com/quotes/BPT"],
  "social": ["https://twitter.com/@BlockportNL"],
  "source_code": [],
  "toSymbol": "ALL",
  "type": "COINREGISTRY",
  "version": 1,
  "website": "https://www.blockport.io/",
  "adoptedFromSymbol": "BPT"
}