{
    "algorithm": "",
    "chat": [],
    "community": [
        "https://www.reddit.com/r/ethos_io"
    ],
    "description": {
        "en": ""
    },
    "explorer": [],
    "fromSymbol": "BQX",
    "is_crypto": true,
    "is_minable": false,
    "name": "Ethos",
    "network": {
        "t_available_supply": 0,
        "t_block_reward": 0,
        "t_max_supply": 222295208,
        "t_total_supply": 0
    },
    "proof_type": "",
    "quote": [
        "https://blockmodo.com/quotes/BQX"
    ],
    "social": [
        "https://twitter.com/@Ethos_io"
    ],
    "source_code": [],
    "toSymbol": "ALL",
    "type": "COINREGISTRY",
    "version": 1,
    "website": "https://www.ethos.io/"
}