{
  "algorithm": "",
  "chat": [],
  "community": [],
  "description": {
    "en": ""
  },
  "explorer": [],
  "fromSymbol": "BRAT",
  "is_crypto": true,
  "is_minable": false,
  "name": "Brat",
  "network": {
    "t_available_supply": 160000000,
    "t_block_reward": 0,
    "t_max_supply": 0,
    "t_total_supply": 1000000000
  },
  "proof_type": "",
  "quote": ["https://blockmodo.com/quotes/BRAT"],
  "social": ["https://twitter.com/@coinBrat"],
  "source_code": [],
  "toSymbol": "ALL",
  "type": "COINREGISTRY",
  "version": 1,
  "website": "http://bro-consortium.io/",
  "adoptedFromSymbol": "BRAT"
}