{
  "algorithm": "",
  "chat": [],
  "community": [],
  "description": {
    "en": ""
  },
  "explorer": [],
  "fromSymbol": "BRC",
  "is_crypto": true,
  "is_minable": false,
  "name": "BrightCoin",
  "network": {
    "t_available_supply": 0,
    "t_block_reward": 0,
    "t_max_supply": 0,
    "t_total_supply": 568456290
  },
  "proof_type": "",
  "quote": ["https://blockmodo.com/quotes/BRC"],
  "social": ["https://twitter.com/@TeamBrightcoin"],
  "source_code": [],
  "toSymbol": "ALL",
  "type": "COINREGISTRY",
  "version": 1,
  "website": "http://brtcoin.co/"
}