{
    "algorithm": "X11",
    "chat": [],
    "community": [],
    "description": {
        "en": ""
    },
    "explorer": [],
    "fromSymbol": "BST",
    "is_crypto": true,
    "is_minable": false,
    "name": "BitStone",
    "network": {
        "t_available_supply": 0,
        "t_block_reward": 0,
        "t_max_supply": 0,
        "t_total_supply": 0
    },
    "proof_type": "PoW/PoS",
    "quote": [
        "https://blockmodo.com/quotes/BST"
    ],
    "social": [
        "https://twitter.com/@BitStone_Devs"
    ],
    "source_code": [],
    "toSymbol": "ALL",
    "type": "COINREGISTRY",
    "version": 1,
    "website": "http://factom.org/"
}