{
  "algorithm": "yescript",
  "chat": [],
  "community": [],
  "description": {
    "en": ""
  },
  "explorer": [],
  "fromSymbol": "BSTY",
  "is_crypto": true,
  "is_minable": false,
  "name": "GlobalBoost",
  "network": {
    "t_available_supply": 15884536,
    "t_block_reward": 0,
    "t_max_supply": 0,
    "t_total_supply": 15884536
  },
  "proof_type": "PoW",
  "quote": ["https://blockmodo.com/quotes/BSTY"],
  "social": ["https://twitter.com/@GlobalBoost"],
  "source_code": [],
  "toSymbol": "ALL",
  "type": "COINREGISTRY",
  "version": 1,
  "website": "https://globalboo.st/",
  "adoptedFromSymbol": "BSTY"
}