{
  "fromSymbol": "BSV",
  "adoptedFromSymbol": "BSV",
  "type": "COINREGISTRY",
  "version": 1,
  "is_crypto": true,
  "is_minable": true,
  "community": [],
  "chat": ["https://www.reddit.com/r/bitcoinsv", "https://www.reddit.com/r/bitcoincashSV"],
  "social": ["https://twitter.com/BitcoinSVNode"],
  "network": {
    "t_available_supply": 17854986,
    "t_total_supply": 17854986,
    "t_max_supply": 21000000
  },
  "website": "https://bitcoinsv.io/",
  "description": {
    "en": "Bitcoin SV - is a new coin splitted of Bitcoin Cash blockchain on 15 November 2018.\nFour fundamental pillars form the basis of Bitcoin SV’s roadmap to create the one blockchain for the world: stability, scalability, security, and safe instant transactions (a.k.a 0-confirmation).\nThe Bitcoin SV project was created at the request of and sponsored by Antiguan-based CoinGeek Mining, with development work initiated by nChain. The project is also owned by the Antiguan-based bComm Association on behalf of the global BCH (SV) community, and the Bitcoin SV code is made available under the open source MIT license."
  },
  "name": "Bitcoin SV",
  "algorithm": "On-going development",
  "proof_type": "PoW",
  "explorer": ["https://bsvexplorer.io/", "https://svblox.com/", "https://bsvexplorer.info/", "http://whatsonchain.com/"],
  "source_code": ["https://github.com/bitcoin-sv/bitcoin-sv"]
}