{
  "algorithm": "Scrypt",
  "chat": [],
  "community": [],
  "description": {
    "en": ""
  },
  "explorer": [],
  "fromSymbol": "BTA",
  "is_crypto": true,
  "is_minable": false,
  "name": "Bata",
  "network": {
    "t_available_supply": 5050921,
    "t_block_reward": 0,
    "t_max_supply": 10000000,
    "t_total_supply": 5050921
  },
  "proof_type": "PoW",
  "quote": ["https://blockmodo.com/quotes/BTA"],
  "social": ["https://twitter.com/@Bata_Money"],
  "source_code": [],
  "toSymbol": "ALL",
  "type": "COINREGISTRY",
  "version": 1,
  "website": "http://www.bata.io/",
  "adoptedFromSymbol": "BTA"
}