{
  "algorithm": "Scrypt",
  "chat": [],
  "community": [],
  "description": {
    "en": ""
  },
  "explorer": [],
  "fromSymbol": "BTB",
  "is_crypto": true,
  "is_minable": false,
  "name": "BitBar",
  "network": {
    "t_available_supply": 39701,
    "t_block_reward": 0,
    "t_max_supply": 0,
    "t_total_supply": 39701
  },
  "proof_type": "PoW/PoS",
  "quote": ["https://blockmodo.com/quotes/BTB"],
  "social": ["https://twitter.com/@spider_BTB"],
  "source_code": [],
  "toSymbol": "ALL",
  "type": "COINREGISTRY",
  "version": 1,
  "website": "http://bitbar.co/",
  "adoptedFromSymbol": "BTB"
}