{
  "algorithm": "SHA256",
  "chat": [],
  "community": ["https://www.reddit.com/r/Bitcoin", "https://www.reddit.com/r/BitcoinMarkets", "https://www.reddit.com/r/Bitcoin_Uncensored"],
  "description": {
    "en": "Bitcoin is the world's first cryptocurrency, a form of electronic cash. It is the first decentralized digital currency: the system works without a central bank or single administrator."
  },
  "explorer": ["https://www.blockchain.com/en/explorer", "https://live.blockcypher.com/btc/", "https://blockchair.com/bitcoin/blocks"],
  "fromSymbol": "BTC",
  "is_crypto": true,
  "is_minable": true,
  "name": "Bitcoin",
  "images": {
    "image64": "https://storage.googleapis.com/blockmodo/coins/images/BTC_64_64.png",
    "image128": "https://storage.googleapis.com/blockmodo/coins/images/BTC_128_128.png",
    "image256": "https://storage.googleapis.com/blockmodo/coins/images/BTC_256_256.png",
    "image512": "https://storage.googleapis.com/blockmodo/coins/images/BTC_512_512.png",
    "image1024": "https://storage.googleapis.com/blockmodo/coins/images/BTC_1204_1024.png"
  },
  "network": {
    "t_available_supply": 17803750,
    "t_block_reward": 0,
    "t_max_supply": 21000000,
    "t_total_supply": 17803750
  },
  "proof_type": "PoW",
  "quote": ["https://blockmodo.com/quotes/BTC"],
  "social": ["https://www.facebook.com/bitcoins", "https://twitter.com/bitcoincoreorg"],
  "source_code": ["https://github.com/bitcoin/bitcoin", "https://github.com/nayutaco/ptarmigan", "https://github.com/lightningnetwork/lightning-onion", "https://github.com/ElementsProject/lightning", "https://github.com/mit-dci/lit", "https://github.com/ACINQ/eclair", "https://github.com/lightningnetwork/lnd"],
  "toSymbol": "ALL",
  "type": "COINREGISTRY",
  "version": 1,
  "website": "https://bitcoin.org/en",
  "adoptedFromSymbol": "BTC"
}