{
    "algorithm": "",
    "chat": [],
    "community": [],
    "description": {
        "en": ""
    },
    "explorer": [],
    "fromSymbol": "BTCE",
    "is_crypto": true,
    "is_minable": false,
    "name": "EthereumBitcoin",
    "network": {
        "t_available_supply": 21000000,
        "t_block_reward": 0,
        "t_max_supply": 21000000,
        "t_total_supply": 21000000
    },
    "proof_type": "",
    "quote": [
        "https://blockmodo.com/quotes/BTCE"
    ],
    "social": [
        "https://twitter.com/@BTCE_Token"
    ],
    "source_code": [],
    "toSymbol": "ALL",
    "type": "COINREGISTRY",
    "version": 1,
    "website": "https://btcetoken.com/"
}