{
  "algorithm": "",
  "chat": [],
  "community": [],
  "description": {
    "en": ""
  },
  "explorer": [],
  "fromSymbol": "BTCM",
  "is_crypto": true,
  "is_minable": false,
  "name": "BTCMoon",
  "network": {
    "t_available_supply": 0,
    "t_block_reward": 0,
    "t_max_supply": 0,
    "t_total_supply": 21000000
  },
  "proof_type": "",
  "quote": ["https://blockmodo.com/quotes/BTCM"],
  "social": ["https://twitter.com/@BTCMoonProject"],
  "source_code": [],
  "toSymbol": "ALL",
  "type": "COINREGISTRY",
  "version": 1,
  "website": "https://btcmoon.info/",
  "adoptedFromSymbol": "BTCM"
}