{
  "algorithm": "Scrypt",
  "chat": [],
  "community": [],
  "description": {
    "en": ""
  },
  "explorer": [],
  "fromSymbol": "BTCS",
  "is_crypto": true,
  "is_minable": false,
  "name": "Bitcoin Scrypt",
  "network": {
    "t_available_supply": 17615950,
    "t_block_reward": 0,
    "t_max_supply": 0,
    "t_total_supply": 17615950
  },
  "proof_type": "PoW",
  "quote": ["https://blockmodo.com/quotes/BTCS"],
  "social": ["https://twitter.com/@theotherbitcoin"],
  "source_code": [],
  "toSymbol": "ALL",
  "type": "COINREGISTRY",
  "version": 1,
  "website": "http://www.bitcoinscrypt.co/",
  "adoptedFromSymbol": "BTCS"
}