{
  "algorithm": "Equihash",
  "chat": [],
  "community": [],
  "description": {
    "en": ""
  },
  "explorer": [],
  "fromSymbol": "BTCZ",
  "is_crypto": true,
  "is_minable": false,
  "name": "BitcoinZ",
  "network": {
    "t_available_supply": 3409925176,
    "t_block_reward": 0,
    "t_max_supply": 21000000000,
    "t_total_supply": 3409925176
  },
  "proof_type": "PoW",
  "quote": ["https://blockmodo.com/quotes/BTCZ"],
  "social": ["https://twitter.com/@BitcoinZTeam"],
  "source_code": [],
  "toSymbol": "ALL",
  "type": "COINREGISTRY",
  "version": 1,
  "website": "https://www.bitcoinz.global/",
  "adoptedFromSymbol": "BTCZ"
}