{
  "algorithm": "Quark",
  "chat": ["https://t.me/bitcloud_btdx"],
  "community": [],
  "description": {
    "en": "Bitcloud is a open source peer-to peer cryptocurrency with Proof of Work and Masternode Support."
  },
  "explorer": ["https://chainz.cryptoid.info/btdx"],
  "fromSymbol": "BTDX",
  "is_crypto": true,
  "is_minable": false,
  "name": "Bitcloud 2.0",
  "network": {
    "t_available_supply": 27525030,
    "t_block_reward": 0,
    "t_max_supply": 43800000,
    "t_total_supply": 27525030
  },
  "proof_type": "PoW/PoS",
  "quote": ["https://blockmodo.com/quotes/BTDX"],
  "social": ["https://twitter.com/@Bitcloud_BTD"],
  "source_code": ["https://github.com/LIMXTEC/Bitcloud"],
  "toSymbol": "ALL",
  "type": "COINREGISTRY",
  "version": 1,
  "website": "https://bit-cloud.info/",
  "adoptedFromSymbol": "BTDX"
}