{
  "algorithm": "SHA256",
  "chat": [],
  "community": [],
  "description": {
    "en": ""
  },
  "explorer": [],
  "fromSymbol": "BTE",
  "is_crypto": true,
  "is_minable": false,
  "name": "ByteCoin",
  "network": {
    "t_available_supply": 0,
    "t_block_reward": 0,
    "t_max_supply": 0,
    "t_total_supply": 28000000
  },
  "proof_type": "PoW",
  "quote": ["https://blockmodo.com/quotes/BTE"],
  "social": ["https://twitter.com/"],
  "source_code": [],
  "toSymbol": "ALL",
  "type": "COINREGISTRY",
  "version": 1,
  "website": "http://bytecoin.biz/",
  "adoptedFromSymbol": "BTE"
}