{
  "algorithm": "Scrypt",
  "chat": [],
  "community": ["https://www.reddit.com/r/BytomBlockchain"],
  "description": {
    "en": ""
  },
  "explorer": [],
  "fromSymbol": "BTM",
  "is_crypto": true,
  "is_minable": false,
  "name": "BitMark",
  "network": {
    "t_available_supply": 1002499275,
    "t_block_reward": 0,
    "t_max_supply": 0,
    "t_total_supply": 1407000000
  },
  "proof_type": "PoW",
  "quote": ["https://blockmodo.com/quotes/BTM"],
  "social": ["https://twitter.com/@ProjectBitmark"],
  "source_code": ["https://github.com/Bytom/bytom"],
  "toSymbol": "ALL",
  "type": "COINREGISTRY",
  "version": 1,
  "website": "https://github.com/project-bitmark/",
  "adoptedFromSymbol": "BTM"
}