{
    "algorithm": "Scrypt",
    "chat": [],
    "community": [],
    "description": {
        "en": ""
    },
    "explorer": [],
    "fromSymbol": "BTMI",
    "is_crypto": true,
    "is_minable": false,
    "name": "BitMiles",
    "network": {
        "t_available_supply": 0,
        "t_block_reward": 0,
        "t_max_supply": 4832660000,
        "t_total_supply": 0
    },
    "proof_type": "PoW",
    "quote": [
        "https://blockmodo.com/quotes/BTMI"
    ],
    "social": [
        "https://twitter.com/@bitmilesco"
    ],
    "source_code": [],
    "toSymbol": "ALL",
    "type": "COINREGISTRY",
    "version": 1,
    "website": "http://bitmiles.org/"
}