{
  "algorithm": "SHA256",
  "chat": [],
  "community": [],
  "description": {
    "en": "Bitcoin Pay is a fork of Bitcoin that occurs at the predetermined height of block499345 and therewith a new chain will be generated as the BTP Bitcoin Pay miners will begin creating blocks with a new proof-of-work algorithm, and will consecutively develop and enhance the protection for account transfer and privacy based on original features of BTC. This will cause a bifurcation of the Bitcoin blockchain."
  },
  "explorer": [],
  "fromSymbol": "BTP",
  "is_crypto": true,
  "is_minable": true,
  "name": "Bitcoin Pay",
  "network": {
    "t_available_supply": 100971101,
    "t_block_reward": 0,
    "t_max_supply": 0,
    "t_total_supply": 210000000
  },
  "proof_type": "PoW",
  "quote": ["https://blockmodo.com/quotes/BTP"],
  "social": [],
  "source_code": [],
  "toSymbol": "ALL",
  "type": "COINREGISTRY",
  "version": 1,
  "website": "http://www.btceasypay.com/"
}