{
  "algorithm": "Skein",
  "chat": [],
  "community": [],
  "description": {
    "en": ""
  },
  "explorer": [],
  "fromSymbol": "BTPL",
  "is_crypto": true,
  "is_minable": false,
  "name": "Bitcoin Planet",
  "network": {
    "t_available_supply": 6804362,
    "t_block_reward": 0,
    "t_max_supply": 0,
    "t_total_supply": 7302962
  },
  "proof_type": "PoW/PoS",
  "quote": ["https://blockmodo.com/quotes/BTPL"],
  "social": ["https://twitter.com/@bitcoin_planet_"],
  "source_code": [],
  "toSymbol": "ALL",
  "type": "COINREGISTRY",
  "version": 1,
  "website": "http://bitcoin-planet.net/",
  "adoptedFromSymbol": "BTPL"
}