{
  "algorithm": "Multiple",
  "chat": [],
  "community": [],
  "description": {
    "en": ""
  },
  "explorer": [],
  "fromSymbol": "BTQ",
  "is_crypto": true,
  "is_minable": false,
  "name": "BitQuark",
  "network": {
    "t_available_supply": 10922805,
    "t_block_reward": 0,
    "t_max_supply": 0,
    "t_total_supply": 10922805
  },
  "proof_type": "PoW",
  "quote": ["https://blockmodo.com/quotes/BTQ"],
  "social": ["https://twitter.com/@BitQuarkCoin"],
  "source_code": [],
  "toSymbol": "ALL",
  "type": "COINREGISTRY",
  "version": 1,
  "website": "http://www.bitquark.info/",
  "adoptedFromSymbol": "BTQ"
}