{
  "fromSymbol": "BTT",
  "adoptedFromSymbol": "BTT",
  "type": "COINREGISTRY",
  "version": 1,
  "is_crypto": true,
  "is_minable": false,
  "community": ["https://www.reddit.com/r/bittorrent"],
  "chat": ["https://t.me/BTTBitTorrent", "https://discordapp.com/invite/JPUTmw2"],
  "social": ["https://twitter.com/BitTorrent", "https://www.facebook.com/bittorrent/", "http://facebook.com/bittorrent"],
  "network": {
    "t_available_supply": 212116500000,
    "t_total_supply": 990000000000,
    "t_max_supply": 0
  },
  "website": "",
  "description": {
    "en": "BitTorrent (BTT) allows content creators to connect with their audience, earn and spend digital currency without a middleman. By connecting the BitTorrent peer-to-peer network to the TRON blockchain, we offer a new experience to over 100M+ users."
  },
  "name": "BitTorrent",
  "algorithm": null,
  "proof_type": null,
  "explorer": ["https://tronscan.org/#/token/1002000"],
  "source_code": ["https://github.com/bittorrent"]
}