{
  "algorithm": "DPoS",
  "chat": [],
  "community": [],
  "description": {
    "en": ""
  },
  "explorer": [],
  "fromSymbol": "BTW",
  "is_crypto": true,
  "is_minable": false,
  "name": "BitcoinWhite",
  "network": {
    "t_available_supply": 36325371,
    "t_block_reward": 0,
    "t_max_supply": 0,
    "t_total_supply": 60342895
  },
  "proof_type": "DPoS",
  "quote": ["https://blockmodo.com/quotes/BTW"],
  "social": ["https://twitter.com/@BitcoinWhite (BTW)"],
  "source_code": [],
  "toSymbol": "ALL",
  "type": "COINREGISTRY",
  "version": 1,
  "website": "https://bitcoinwhite.org",
  "adoptedFromSymbol": "BTW"
}