{
  "fromSymbol": "BUBO",
  "type": "COINREGISTRY",
  "version": 1,
  "is_crypto": true,
  "is_minable": false,
  "community": ["https://www.reddit.com/r/Budbo"],
  "chat": ["https://t.me/budbo", "http://t.me/spectivtelegram"],
  "social": ["https://twitter.com/budboapp", "https://www.facebook.com/spectivvr/"],
  "network": {
    "t_available_supply": 0,
    "t_total_supply": 200000000,
    "t_max_supply": 0
  },
  "website": "https://budbo.io/",
  "description": {
    "en": "Budbo, Inc., is creating a Global Cannabis Blockchain built to drive efficiency, transparency, and data-driven analytics into this nascent industry. Budbo will be the first-of-its-kind, fully integrated blockchain based solution that serves as the backbone for cannabis legalization, medical research, and the cannabis ecosystem as a whole. \nIn development."
  },
  "name": "Budbo",
  "algorithm": null,
  "proof_type": null,
  "explorer": ["https://ethplorer.io/address/0xccbf21ba6ef00802ab06637896b799f7101f54a2", "https://etherscan.io/token/0xccbf21ba6ef00802ab06637896b799f7101f54a2"],
  "source_code": ["https://github.com/BudboTokenInternationalLTD/bubo-token"]
}