{
  "algorithm": "NIST5",
  "chat": [],
  "community": [],
  "description": {
    "en": ""
  },
  "explorer": [],
  "fromSymbol": "BWK",
  "is_crypto": true,
  "is_minable": false,
  "name": "Bulwark",
  "network": {
    "t_available_supply": 15077989,
    "t_block_reward": 0,
    "t_max_supply": 27000000,
    "t_total_supply": 15397043
  },
  "proof_type": "PoW/PoS",
  "quote": ["https://blockmodo.com/quotes/BWK"],
  "social": ["https://twitter.com/@BulwarkCoin"],
  "source_code": [],
  "toSymbol": "ALL",
  "type": "COINREGISTRY",
  "version": 1,
  "website": "https://bulwarkcrypto.com/",
  "adoptedFromSymbol": "BWK"
}