{
    "algorithm": "SHA256",
    "chat": [],
    "community": [],
    "description": {
        "en": ""
    },
    "explorer": [],
    "fromSymbol": "BXT",
    "is_crypto": true,
    "is_minable": false,
    "name": "BitTokens",
    "network": {
        "t_available_supply": 595429,
        "t_block_reward": 0,
        "t_max_supply": 0,
        "t_total_supply": 595429
    },
    "proof_type": "PoW/PoS",
    "quote": [
        "https://blockmodo.com/quotes/BXT"
    ],
    "social": [
        "https://twitter.com/@gladimorcrypto"
    ],
    "source_code": [],
    "toSymbol": "ALL",
    "type": "COINREGISTRY",
    "version": 1,
    "website": "-"
}