{
  "algorithm": "",
  "chat": [],
  "community": [],
  "description": {
    "en": ""
  },
  "explorer": [],
  "fromSymbol": "BYC",
  "is_crypto": true,
  "is_minable": false,
  "name": "ByteCent",
  "network": {
    "t_available_supply": 2363370,
    "t_block_reward": 0,
    "t_max_supply": 0,
    "t_total_supply": 2363370
  },
  "proof_type": "PoW",
  "quote": ["https://blockmodo.com/quotes/BYC"],
  "social": ["https://twitter.com/@Bytecent_BYC"],
  "source_code": [],
  "toSymbol": "ALL",
  "type": "COINREGISTRY",
  "version": 1,
  "website": "http://bytecent.com/",
  "adoptedFromSymbol": "BYC"
}