{
    "algorithm": "",
    "chat": [],
    "community": [],
    "description": {
        "en": ""
    },
    "explorer": [],
    "fromSymbol": "CABS",
    "is_crypto": true,
    "is_minable": false,
    "name": "CryptoABS",
    "network": {
        "t_available_supply": 0,
        "t_block_reward": 0,
        "t_max_supply": 0,
        "t_total_supply": 0
    },
    "proof_type": "",
    "quote": [
        "https://blockmodo.com/quotes/CABS"
    ],
    "social": [
        "https://twitter.com/@cryptoabs"
    ],
    "source_code": [],
    "toSymbol": "ALL",
    "type": "COINREGISTRY",
    "version": 1,
    "website": "https://cryptoabs.com/"
}