{
  "algorithm": "",
  "chat": [],
  "community": [],
  "description": {
    "en": ""
  },
  "explorer": [],
  "fromSymbol": "CAN",
  "is_crypto": true,
  "is_minable": false,
  "name": "CanYaCoin",
  "network": {
    "t_available_supply": 0,
    "t_block_reward": 0,
    "t_max_supply": 0,
    "t_total_supply": 1500000000
  },
  "proof_type": "",
  "quote": ["https://blockmodo.com/quotes/CAN"],
  "social": ["https://twitter.com/@canya_io"],
  "source_code": [],
  "toSymbol": "ALL",
  "type": "COINREGISTRY",
  "version": 1,
  "website": "https://canya.io/",
  "adoptedFromSymbol": "CAN"
}