{
  "algorithm": "",
  "chat": [],
  "community": [],
  "description": {
    "en": ""
  },
  "explorer": [],
  "fromSymbol": "CAS",
  "is_crypto": true,
  "is_minable": false,
  "name": "Cashaa",
  "network": {
    "t_available_supply": 604355312,
    "t_block_reward": 0,
    "t_max_supply": 0,
    "t_total_supply": 1000000000
  },
  "proof_type": "",
  "quote": ["https://blockmodo.com/quotes/CAS"],
  "social": ["https://twitter.com/@CashaaLtd"],
  "source_code": [],
  "toSymbol": "ALL",
  "type": "COINREGISTRY",
  "version": 1,
  "website": "https://cashaa.com/",
  "adoptedFromSymbol": "CAS"
}