{
  "algorithm": "Scrypt",
  "chat": [],
  "community": [],
  "description": {
    "en": ""
  },
  "explorer": [],
  "fromSymbol": "CASH",
  "is_crypto": true,
  "is_minable": false,
  "name": "CashCoin",
  "network": {
    "t_available_supply": 53458111,
    "t_block_reward": 0,
    "t_max_supply": 0,
    "t_total_supply": 53458111
  },
  "proof_type": "PoW/PoS",
  "quote": ["https://blockmodo.com/quotes/CASH"],
  "social": ["https://twitter.com/"],
  "source_code": [],
  "toSymbol": "ALL",
  "type": "COINREGISTRY",
  "version": 1,
  "website": "-",
  "adoptedFromSymbol": "CASH"
}