{
  "algorithm": "",
  "chat": [],
  "community": [],
  "description": {
    "en": ""
  },
  "explorer": [],
  "fromSymbol": "CAT",
  "is_crypto": true,
  "is_minable": false,
  "name": "BlockCAT",
  "network": {
    "t_available_supply": 7360121,
    "t_block_reward": 0,
    "t_max_supply": 0,
    "t_total_supply": 9200151
  },
  "proof_type": "",
  "quote": ["https://blockmodo.com/quotes/CAT"],
  "social": ["https://twitter.com/@blockcatio"],
  "source_code": [],
  "toSymbol": "ALL",
  "type": "COINREGISTRY",
  "version": 1,
  "website": "https://blockcat.io",
  "adoptedFromSymbol": "CAT"
}