{
    "algorithm": "Scrypt",
    "chat": [],
    "community": [],
    "description": {
        "en": ""
    },
    "explorer": [],
    "fromSymbol": "CAT1",
    "is_crypto": true,
    "is_minable": false,
    "name": "Catcoin",
    "network": {
        "t_available_supply": 0,
        "t_block_reward": 0,
        "t_max_supply": 21000000,
        "t_total_supply": 0
    },
    "proof_type": "PoW",
    "quote": [
        "https://blockmodo.com/quotes/CAT1"
    ],
    "social": [
        "https://twitter.com/@CatcoinOfficial"
    ],
    "source_code": [],
    "toSymbol": "ALL",
    "type": "COINREGISTRY",
    "version": 1,
    "website": "http://www.catcoins.org/"
}