{
    "algorithm": "",
    "chat": [],
    "community": [],
    "description": {
        "en": ""
    },
    "explorer": [],
    "fromSymbol": "CAV",
    "is_crypto": true,
    "is_minable": false,
    "name": "Caviar",
    "network": {
        "t_available_supply": 0,
        "t_block_reward": 0,
        "t_max_supply": 375000000,
        "t_total_supply": 0
    },
    "proof_type": "",
    "quote": [
        "https://blockmodo.com/quotes/CAV"
    ],
    "social": [
        "https://twitter.com/@caviar0x"
    ],
    "source_code": [],
    "toSymbol": "ALL",
    "type": "COINREGISTRY",
    "version": 1,
    "website": "https://www.caviar.io/?utm_source=cryptocompare&utm_medium=ico_listing&utm_campaign=pre_ico_promo"
}