{
  "fromSymbol": "CBC",
  "type": "COINREGISTRY",
  "version": 1,
  "is_crypto": true,
  "is_minable": true,
  "community": [],
  "chat": ["https://t.me/CashberyCoinChat"],
  "social": ["https://twitter.com/cashberycoin"],
  "network": {
    "t_available_supply": 5523618,
    "t_total_supply": 90005603,
    "t_max_supply": 0
  },
  "website": "https://cashberycoin.com/",
  "description": {
    "en": "Cashbery Coin (CBC) is an internal transactional tool of the new generation. CBC is an ideal value transferring resource for the Cashbery ecosystem environment due to high-speed transactions and low fees. Cashbery Coin ecosystem provides decentralized currency for the end users and the option of drawing new participants into business operations and loyalty schemes for businesspersons due to the Cashbery Coin transparency, safety, and usability. Distributed registry implementation with all data synchronized with the whole network, almost completely reduces fraud cases, double сharges, chargeback, and unauthorized transactions."
  },
  "name": "Cashbery Coin",
  "algorithm": "Scrypt",
  "proof_type": "PoW",
  "explorer": ["https://exp.cashberycoin.com/"],
  "source_code": ["https://github.com/CashberyCoin/cashberycoin"]
}