{
    "algorithm": "PoS",
    "chat": [],
    "community": [],
    "description": {
        "en": ""
    },
    "explorer": [],
    "fromSymbol": "CBD",
    "is_crypto": true,
    "is_minable": false,
    "name": "CBD Crystals",
    "network": {
        "t_available_supply": 0,
        "t_block_reward": 0,
        "t_max_supply": 50000000,
        "t_total_supply": 0
    },
    "proof_type": "",
    "quote": [
        "https://blockmodo.com/quotes/CBD"
    ],
    "social": [
        "https://twitter.com/@CBDCRYPTODIOL"
    ],
    "source_code": [],
    "toSymbol": "ALL",
    "type": "COINREGISTRY",
    "version": 1,
    "website": "-"
}