{
  "algorithm": "Scrypt",
  "chat": [],
  "community": [],
  "description": {
    "en": ""
  },
  "explorer": [],
  "fromSymbol": "CBX",
  "is_crypto": true,
  "is_minable": false,
  "name": "CryptoBullion",
  "network": {
    "t_available_supply": 1025983,
    "t_block_reward": 0,
    "t_max_supply": 0,
    "t_total_supply": 1025983
  },
  "proof_type": "PoW/PoS",
  "quote": ["https://blockmodo.com/quotes/CBX"],
  "social": ["https://twitter.com/@CryptoBullionX"],
  "source_code": [],
  "toSymbol": "ALL",
  "type": "COINREGISTRY",
  "version": 1,
  "website": "http://cryptobullion.io/",
  "adoptedFromSymbol": "CBX"
}