{
  "algorithm": "",
  "chat": [],
  "community": [],
  "description": {
    "en": ""
  },
  "explorer": [],
  "fromSymbol": "CCC",
  "is_crypto": true,
  "is_minable": false,
  "name": "CCCoin",
  "network": {
    "t_available_supply": 0,
    "t_block_reward": 0,
    "t_max_supply": 20000000,
    "t_total_supply": 2071740
  },
  "proof_type": "",
  "quote": ["https://blockmodo.com/quotes/CCC"],
  "social": ["https://twitter.com/https://www.cccoin.io/"],
  "source_code": [],
  "toSymbol": "ALL",
  "type": "COINREGISTRY",
  "version": 1,
  "website": "https://www.cccoin.io/"
}