{
  "algorithm": "Scrypt",
  "chat": [],
  "community": [],
  "description": {
    "en": ""
  },
  "explorer": [],
  "fromSymbol": "CDN",
  "is_crypto": true,
  "is_minable": false,
  "name": "Canada eCoin",
  "network": {
    "t_available_supply": 97415544,
    "t_block_reward": 0,
    "t_max_supply": 0,
    "t_total_supply": 97415544
  },
  "proof_type": "PoW",
  "quote": ["https://blockmodo.com/quotes/CDN"],
  "social": ["https://twitter.com/@ThisIsOurCoin"],
  "source_code": [],
  "toSymbol": "ALL",
  "type": "COINREGISTRY",
  "version": 1,
  "website": "http://www.canadaecoin.ca/",
  "adoptedFromSymbol": "CDN"
}