{
  "algorithm": "",
  "chat": [],
  "community": [],
  "description": {
    "en": ""
  },
  "explorer": [],
  "fromSymbol": "CDX",
  "is_crypto": true,
  "is_minable": false,
  "name": "Commodity Ad Network",
  "network": {
    "t_available_supply": 32550000,
    "t_block_reward": 0,
    "t_max_supply": 0,
    "t_total_supply": 120000000
  },
  "proof_type": "",
  "quote": ["https://blockmodo.com/quotes/CDX"],
  "social": ["https://twitter.com/@commodityadnet"],
  "source_code": [],
  "toSymbol": "ALL",
  "type": "COINREGISTRY",
  "version": 1,
  "website": "https://commodityadnetwork.com/",
  "adoptedFromSymbol": "CDX"
}