{
    "algorithm": "",
    "chat": [],
    "community": [],
    "description": {
        "en": ""
    },
    "explorer": [],
    "fromSymbol": "CELL",
    "is_crypto": true,
    "is_minable": false,
    "name": "SolarFarm",
    "network": {
        "t_available_supply": 1000000000,
        "t_block_reward": 0,
        "t_max_supply": 1000000000,
        "t_total_supply": 1000000000
    },
    "proof_type": "PoW",
    "quote": [
        "https://blockmodo.com/quotes/CELL"
    ],
    "social": [
        "https://twitter.com/@miningfarm"
    ],
    "source_code": [],
    "toSymbol": "ALL",
    "type": "COINREGISTRY",
    "version": 1,
    "website": "http://asset.cryptomining.farm/"
}