{
  "fromSymbol": "CENNZ",
  "type": "COINREGISTRY",
  "version": 1,
  "is_crypto": true,
  "is_minable": false,
  "community": [],
  "chat": ["https://t.me/centralityofficialtelegram"],
  "social": ["http://facebook.com/centralityai", "https://twitter.com/centralityai"],
  "network": {
    "t_available_supply": 804475759,
    "t_total_supply": 1200000000,
    "t_max_supply": 0
  },
  "website": "https://www.centrality.ai/",
  "description": {
    "en": "Centrality is a Kiwi company formed by like-minded individuals that are interested in cutting edge technology and creating something purposeful."
  },
  "name": "Centrality",
  "algorithm": null,
  "proof_type": null,
  "explorer": ["https://etherscan.io/token/0x1122b6a0e00dce0563082b6e2953f3a943855c1f", "https://ethplorer.io/address/0x1122b6a0e00dce0563082b6e2953f3a943855c1f"],
  "source_code": []
}