{
    "algorithm": "Scrypt",
    "chat": [],
    "community": [],
    "description": {
        "en": ""
    },
    "explorer": [],
    "fromSymbol": "CGA",
    "is_crypto": true,
    "is_minable": false,
    "name": "Cryptographic Anomaly",
    "network": {
        "t_available_supply": 0,
        "t_block_reward": 0,
        "t_max_supply": 10000000000,
        "t_total_supply": 0
    },
    "proof_type": "PoW",
    "quote": [
        "https://blockmodo.com/quotes/CGA"
    ],
    "social": [
        "https://twitter.com/@CGAnomaly"
    ],
    "source_code": [],
    "toSymbol": "ALL",
    "type": "COINREGISTRY",
    "version": 1,
    "website": "http://anti.cash/"
}