{
    "algorithm": "SHA256D",
    "chat": [],
    "community": [],
    "description": {
        "en": ""
    },
    "explorer": [],
    "fromSymbol": "CHAO",
    "is_crypto": true,
    "is_minable": false,
    "name": "23 Skidoo",
    "network": {
        "t_available_supply": 0,
        "t_block_reward": 0,
        "t_max_supply": 23,
        "t_total_supply": 0
    },
    "proof_type": "PoW",
    "quote": [
        "https://blockmodo.com/quotes/CHAO"
    ],
    "social": [
        "https://twitter.com/"
    ],
    "source_code": [],
    "toSymbol": "ALL",
    "type": "COINREGISTRY",
    "version": 1,
    "website": "http://23skidoo.info/"
}