{
  "algorithm": "Scrypt",
  "chat": [],
  "community": [],
  "description": {
    "en": ""
  },
  "explorer": [],
  "fromSymbol": "CHAT",
  "is_crypto": true,
  "is_minable": false,
  "name": "ChatCoin",
  "network": {
    "t_available_supply": 690000640,
    "t_block_reward": 0,
    "t_max_supply": 0,
    "t_total_supply": 1000000000
  },
  "proof_type": "PoW/PoS",
  "quote": ["https://blockmodo.com/quotes/CHAT"],
  "social": ["https://twitter.com/"],
  "source_code": [],
  "toSymbol": "ALL",
  "type": "COINREGISTRY",
  "version": 1,
  "website": "https://www.crypto-chat.net/chat/",
  "adoptedFromSymbol": "CHAT"
}