{
  "algorithm": "",
  "chat": [],
  "community": [],
  "description": {
    "en": ""
  },
  "explorer": [],
  "fromSymbol": "CHC",
  "is_crypto": true,
  "is_minable": false,
  "name": "ChainCoin",
  "network": {
    "t_available_supply": 15602306,
    "t_block_reward": 0,
    "t_max_supply": 23000000,
    "t_total_supply": 17447289
  },
  "proof_type": "",
  "quote": ["https://blockmodo.com/quotes/CHC"],
  "social": ["https://twitter.com/"],
  "source_code": [],
  "toSymbol": "ALL",
  "type": "COINREGISTRY",
  "version": 1,
  "website": "http://www.chaincoin.org/",
  "adoptedFromSymbol": "CHC"
}