{
  "algorithm": "",
  "chat": [],
  "community": [],
  "description": {
    "en": ""
  },
  "explorer": [],
  "fromSymbol": "CHSB",
  "is_crypto": true,
  "is_minable": false,
  "name": "SwissBorg",
  "network": {
    "t_available_supply": 575821133,
    "t_block_reward": 0,
    "t_max_supply": 0,
    "t_total_supply": 1000000000
  },
  "proof_type": "",
  "quote": ["https://blockmodo.com/quotes/CHSB"],
  "social": ["https://twitter.com/@swissborg"],
  "source_code": [],
  "toSymbol": "ALL",
  "type": "COINREGISTRY",
  "version": 1,
  "website": "https://swissborg.com/",
  "adoptedFromSymbol": "CHSB"
}