{
    "algorithm": "Multiple",
    "chat": [],
    "community": [],
    "description": {
        "en": ""
    },
    "explorer": [],
    "fromSymbol": "CIN",
    "is_crypto": true,
    "is_minable": false,
    "name": "CinderCoin",
    "network": {
        "t_available_supply": 0,
        "t_block_reward": 0,
        "t_max_supply": 114000000,
        "t_total_supply": 0
    },
    "proof_type": "PoW/PoS",
    "quote": [
        "https://blockmodo.com/quotes/CIN"
    ],
    "social": [
        "https://twitter.com/@CinderCoin"
    ],
    "source_code": [],
    "toSymbol": "ALL",
    "type": "COINREGISTRY",
    "version": 1,
    "website": "-"
}