{
    "algorithm": "SHA256",
    "chat": [],
    "community": [],
    "description": {
        "en": ""
    },
    "explorer": [],
    "fromSymbol": "CKC",
    "is_crypto": true,
    "is_minable": false,
    "name": "Clockcoin",
    "network": {
        "t_available_supply": 16662820,
        "t_block_reward": 0,
        "t_max_supply": 525000000,
        "t_total_supply": 16662820
    },
    "proof_type": "PoW/PoS",
    "quote": [
        "https://blockmodo.com/quotes/CKC"
    ],
    "social": [
        "https://twitter.com/@clockcoin"
    ],
    "source_code": [],
    "toSymbol": "ALL",
    "type": "COINREGISTRY",
    "version": 1,
    "website": "http://myclint.us/"
}