{
  "algorithm": "",
  "chat": [],
  "community": [],
  "description": {
    "en": ""
  },
  "explorer": [],
  "fromSymbol": "CL",
  "is_crypto": true,
  "is_minable": false,
  "name": "CoinLancer",
  "network": {
    "t_available_supply": 70666779,
    "t_block_reward": 0,
    "t_max_supply": 0,
    "t_total_supply": 300000000
  },
  "proof_type": "",
  "quote": ["https://blockmodo.com/quotes/CL"],
  "social": ["https://twitter.com/@Coin_Lancer"],
  "source_code": [],
  "toSymbol": "ALL",
  "type": "COINREGISTRY",
  "version": 1,
  "website": "https://www.coinlancer.io/",
  "adoptedFromSymbol": "CL"
}