{
  "algorithm": "",
  "chat": [],
  "community": [],
  "description": {
    "en": ""
  },
  "explorer": [],
  "fromSymbol": "CLAM",
  "is_crypto": true,
  "is_minable": false,
  "name": "CLAMS",
  "network": {
    "t_available_supply": 3608164,
    "t_block_reward": 0,
    "t_max_supply": 0,
    "t_total_supply": 17240159
  },
  "proof_type": "PoW",
  "quote": ["https://blockmodo.com/quotes/CLAM"],
  "social": ["https://twitter.com/@ClamClient"],
  "source_code": [],
  "toSymbol": "ALL",
  "type": "COINREGISTRY",
  "version": 1,
  "website": "http://www.clamcoin.org/",
  "adoptedFromSymbol": "CLAM"
}