{
    "algorithm": "SHA256",
    "chat": [],
    "community": [],
    "description": {
        "en": ""
    },
    "explorer": [],
    "fromSymbol": "CLINT",
    "is_crypto": true,
    "is_minable": false,
    "name": "Clinton",
    "network": {
        "t_available_supply": 0,
        "t_block_reward": 0,
        "t_max_supply": 2421227,
        "t_total_supply": 0
    },
    "proof_type": "PoW",
    "quote": [
        "https://blockmodo.com/quotes/CLINT"
    ],
    "social": [
        "https://twitter.com/"
    ],
    "source_code": [],
    "toSymbol": "ALL",
    "type": "COINREGISTRY",
    "version": 1,
    "website": "http://myclint.us/"
}