{
  "algorithm": "X13",
  "chat": [],
  "community": [],
  "description": {
    "en": ""
  },
  "explorer": [],
  "fromSymbol": "CLOAK",
  "is_crypto": true,
  "is_minable": false,
  "name": "CloakCoin",
  "network": {
    "t_available_supply": 5235987,
    "t_block_reward": 0,
    "t_max_supply": 0,
    "t_total_supply": 5235987
  },
  "proof_type": "PoW/PoS",
  "quote": ["https://blockmodo.com/quotes/CLOAK"],
  "social": ["https://twitter.com/@CloakCoin"],
  "source_code": [],
  "toSymbol": "ALL",
  "type": "COINREGISTRY",
  "version": 1,
  "website": "http://www.cloakcoin.com/",
  "adoptedFromSymbol": "CLOAK"
}