{
    "algorithm": "SHA256",
    "chat": [],
    "community": [],
    "description": {
        "en": ""
    },
    "explorer": [],
    "fromSymbol": "CLR",
    "is_crypto": true,
    "is_minable": false,
    "name": "CopperLark",
    "network": {
        "t_available_supply": 0,
        "t_block_reward": 0,
        "t_max_supply": 27200000,
        "t_total_supply": 0
    },
    "proof_type": "PoW",
    "quote": [
        "https://blockmodo.com/quotes/CLR"
    ],
    "social": [
        "https://twitter.com/@copperlark"
    ],
    "source_code": [],
    "toSymbol": "ALL",
    "type": "COINREGISTRY",
    "version": 1,
    "website": "http://copperlark.com/"
}