{
  "algorithm": "Scrypt",
  "chat": [],
  "community": [],
  "description": {
    "en": ""
  },
  "explorer": [],
  "fromSymbol": "CLUB",
  "is_crypto": true,
  "is_minable": false,
  "name": " ClubCoin",
  "network": {
    "t_available_supply": 0,
    "t_block_reward": 0,
    "t_max_supply": 160000000,
    "t_total_supply": 101750366
  },
  "proof_type": "PoW/PoS",
  "quote": ["https://blockmodo.com/quotes/CLUB"],
  "social": ["https://twitter.com/@Clubcoin_co"],
  "source_code": [],
  "toSymbol": "ALL",
  "type": "COINREGISTRY",
  "version": 1,
  "website": "http://clubcoin.co/",
  "adoptedFromSymbol": "CLUB"
}