{
  "algorithm": "Scrypt",
  "chat": [],
  "community": [],
  "description": {
    "en": ""
  },
  "explorer": [],
  "fromSymbol": "CMPCO",
  "is_crypto": true,
  "is_minable": false,
  "name": "CampusCoin",
  "network": {
    "t_available_supply": 509961108,
    "t_block_reward": 0,
    "t_max_supply": 1010000000,
    "t_total_supply": 709961108
  },
  "proof_type": "PoW",
  "quote": ["https://blockmodo.com/quotes/CMPCO"],
  "social": ["https://twitter.com/@CampusCoinORG"],
  "source_code": [],
  "toSymbol": "ALL",
  "type": "COINREGISTRY",
  "version": 1,
  "website": "http://www.campuscoinproject.org",
  "adoptedFromSymbol": "CMPCO"
}