{
  "algorithm": "",
  "chat": [],
  "community": ["https://www.reddit.com/r/Cindicator"],
  "description": {
    "en": ""
  },
  "explorer": [],
  "fromSymbol": "CND",
  "is_crypto": true,
  "is_minable": false,
  "name": "Cindicator",
  "network": {
    "t_available_supply": 1445976590,
    "t_block_reward": 0,
    "t_max_supply": 0,
    "t_total_supply": 2000000005
  },
  "proof_type": "",
  "quote": ["https://blockmodo.com/quotes/CND"],
  "social": ["https://twitter.com/Cindicator"],
  "source_code": [],
  "toSymbol": "ALL",
  "type": "COINREGISTRY",
  "version": 1,
  "website": "https://cindicator.com/",
  "adoptedFromSymbol": "CND"
}
