{
  "algorithm": "X11",
  "chat": [],
  "community": [],
  "description": {
    "en": ""
  },
  "explorer": [],
  "fromSymbol": "CNT",
  "is_crypto": true,
  "is_minable": false,
  "name": "Centurion",
  "network": {
    "t_available_supply": 77663826,
    "t_block_reward": 0,
    "t_max_supply": 250000000,
    "t_total_supply": 82663826
  },
  "proof_type": "PoW/PoS",
  "quote": ["https://blockmodo.com/quotes/CNT"],
  "social": ["https://twitter.com/"],
  "source_code": [],
  "toSymbol": "ALL",
  "type": "COINREGISTRY",
  "version": 1,
  "website": "http://www.centurionlab.org/",
  "adoptedFromSymbol": "CNT"
}