{
  "algorithm": "",
  "chat": [],
  "community": [],
  "description": {
    "en": ""
  },
  "explorer": [],
  "fromSymbol": "COB",
  "is_crypto": true,
  "is_minable": false,
  "name": "Cobinhood",
  "network": {
    "t_available_supply": 390345846,
    "t_block_reward": 0,
    "t_max_supply": 0,
    "t_total_supply": 1000000000
  },
  "proof_type": "",
  "quote": ["https://blockmodo.com/quotes/COB"],
  "social": ["https://twitter.com/@cobinhood"],
  "source_code": [],
  "toSymbol": "ALL",
  "type": "COINREGISTRY",
  "version": 1,
  "website": "http://cobinhood.com/",
  "adoptedFromSymbol": "COB"
}