{
  "algorithm": "",
  "chat": [],
  "community": [],
  "description": {
    "en": ""
  },
  "explorer": [],
  "fromSymbol": "COFI",
  "is_crypto": true,
  "is_minable": false,
  "name": "CoinFi",
  "network": {
    "t_available_supply": 177278610,
    "t_block_reward": 0,
    "t_max_supply": 0,
    "t_total_supply": 300000000
  },
  "proof_type": "",
  "quote": ["https://blockmodo.com/quotes/COFI"],
  "social": ["https://twitter.com/@coin_fi"],
  "source_code": [],
  "toSymbol": "ALL",
  "type": "COINREGISTRY",
  "version": 1,
  "website": "https://sale.coinfi.com/?utm_source=icolisting&utm_medium=native&utm_campaign=cryptocompare_ico_listing",
  "adoptedFromSymbol": "COFI"
}