{
  "algorithm": "X11",
  "chat": [],
  "community": [],
  "description": {
    "en": ""
  },
  "explorer": [],
  "fromSymbol": "COLX",
  "is_crypto": true,
  "is_minable": false,
  "name": "ColossusCoinXT",
  "network": {
    "t_available_supply": 10950888389,
    "t_block_reward": 0,
    "t_max_supply": 0,
    "t_total_supply": 10991930216
  },
  "proof_type": "PoS",
  "quote": ["https://blockmodo.com/quotes/COLX"],
  "social": ["https://twitter.com/@colossuscoin"],
  "source_code": [],
  "toSymbol": "ALL",
  "type": "COINREGISTRY",
  "version": 1,
  "website": "http://www.colossuscoin.org/",
  "adoptedFromSymbol": "COLX"
}