{
  "algorithm": "X13",
  "chat": [],
  "community": [],
  "description": {
    "en": ""
  },
  "explorer": [],
  "fromSymbol": "CON",
  "is_crypto": true,
  "is_minable": false,
  "name": "Paycon",
  "network": {
    "t_available_supply": 23042604,
    "t_block_reward": 0,
    "t_max_supply": 0,
    "t_total_supply": 23042604
  },
  "proof_type": "PoW/PoS",
  "quote": ["https://blockmodo.com/quotes/CON"],
  "social": ["https://twitter.com/@PayConX13"],
  "source_code": [],
  "toSymbol": "ALL",
  "type": "COINREGISTRY",
  "version": 1,
  "website": "-"
}