{
  "algorithm": "",
  "chat": [],
  "community": [],
  "description": {
    "en": ""
  },
  "explorer": [],
  "fromSymbol": "COR",
  "is_crypto": true,
  "is_minable": false,
  "name": "Corion",
  "network": {
    "t_available_supply": 0,
    "t_block_reward": 0,
    "t_max_supply": 0,
    "t_total_supply": 9136859
  },
  "proof_type": "",
  "quote": ["https://blockmodo.com/quotes/COR"],
  "social": ["https://twitter.com/@CorionPlatform"],
  "source_code": [],
  "toSymbol": "ALL",
  "type": "COINREGISTRY",
  "version": 1,
  "website": "https://www.corion.io",
  "adoptedFromSymbol": "COR"
}