{
    "algorithm": "X13",
    "chat": [],
    "community": [],
    "description": {
        "en": ""
    },
    "explorer": [],
    "fromSymbol": "CORAL",
    "is_crypto": true,
    "is_minable": false,
    "name": "CoralPay",
    "network": {
        "t_available_supply": 0,
        "t_block_reward": 0,
        "t_max_supply": 21000000,
        "t_total_supply": 0
    },
    "proof_type": "PoS",
    "quote": [
        "https://blockmodo.com/quotes/CORAL"
    ],
    "social": [
        "https://twitter.com/@CoralPay_Crypto"
    ],
    "source_code": [],
    "toSymbol": "ALL",
    "type": "COINREGISTRY",
    "version": 1,
    "website": "http://coralpay.online/"
}