{
    "algorithm": "",
    "chat": [],
    "community": [],
    "description": {
        "en": ""
    },
    "explorer": [],
    "fromSymbol": "CORE",
    "is_crypto": true,
    "is_minable": false,
    "name": "Core Group Asset",
    "network": {
        "t_available_supply": 0,
        "t_block_reward": 0,
        "t_max_supply": 1000000,
        "t_total_supply": 0
    },
    "proof_type": "",
    "quote": [
        "https://blockmodo.com/quotes/CORE"
    ],
    "social": [
        "https://twitter.com/@coremedia_info"
    ],
    "source_code": [],
    "toSymbol": "ALL",
    "type": "COINREGISTRY",
    "version": 1,
    "website": "https://coregroup.info/"
}