{
  "algorithm": "",
  "chat": [],
  "community": [],
  "description": {
    "en": ""
  },
  "explorer": [],
  "fromSymbol": "COSS",
  "is_crypto": true,
  "is_minable": false,
  "name": "COSS",
  "network": {
    "t_available_supply": 119372705,
    "t_block_reward": 0,
    "t_max_supply": 200000000,
    "t_total_supply": 200000000
  },
  "proof_type": "",
  "quote": ["https://blockmodo.com/quotes/COSS"],
  "social": ["https://twitter.com/@cosscrypto"],
  "source_code": [],
  "toSymbol": "ALL",
  "type": "COINREGISTRY",
  "version": 1,
  "website": "https://coss.io/",
  "adoptedFromSymbol": "COSS"
}