{
  "algorithm": "",
  "chat": [],
  "community": [],
  "description": {
    "en": ""
  },
  "explorer": [],
  "fromSymbol": "COV",
  "is_crypto": true,
  "is_minable": false,
  "name": "Covesting",
  "network": {
    "t_available_supply": 17500000,
    "t_block_reward": 0,
    "t_max_supply": 0,
    "t_total_supply": 20000000
  },
  "proof_type": "",
  "quote": ["https://blockmodo.com/quotes/COV"],
  "social": ["https://twitter.com/@covesting"],
  "source_code": [],
  "toSymbol": "ALL",
  "type": "COINREGISTRY",
  "version": 1,
  "website": "https://covesting.io/",
  "adoptedFromSymbol": "COV"
}