{
  "algorithm": "Multiple",
  "chat": [],
  "community": [],
  "description": {
    "en": ""
  },
  "explorer": [],
  "fromSymbol": "COVAL",
  "is_crypto": true,
  "is_minable": false,
  "name": "Circuits of Value",
  "network": {
    "t_available_supply": 1000000000,
    "t_block_reward": 0,
    "t_max_supply": 0,
    "t_total_supply": 1200000000
  },
  "proof_type": "PoW",
  "quote": ["https://blockmodo.com/quotes/COVAL"],
  "social": ["https://twitter.com/@circuitsofvalue"],
  "source_code": [],
  "toSymbol": "ALL",
  "type": "COINREGISTRY",
  "version": 1,
  "website": "http://cov.al/",
  "adoptedFromSymbol": "COVAL"
}