{
  "algorithm": "",
  "chat": [],
  "community": [],
  "description": {
    "en": ""
  },
  "explorer": [],
  "fromSymbol": "CPAY",
  "is_crypto": true,
  "is_minable": false,
  "name": "CryptoPay",
  "network": {
    "t_available_supply": 68329514,
    "t_block_reward": 0,
    "t_max_supply": 0,
    "t_total_supply": 90414745
  },
  "proof_type": "",
  "quote": ["https://blockmodo.com/quotes/CPAY"],
  "social": ["https://twitter.com/@cryptopay"],
  "source_code": [],
  "toSymbol": "ALL",
  "type": "COINREGISTRY",
  "version": 1,
  "website": "https://cryptopay.me/",
  "adoptedFromSymbol": "CPAY"
}