{
  "fromSymbol": "CPT",
  "type": "COINREGISTRY",
  "version": 1,
  "is_crypto": true,
  "is_minable": false,
  "community": ["https://www.reddit.com/r/Cryptaur"],
  "chat": ["https://t.me/cryptaur", "https://t.me/cryptaur_news"],
  "social": ["https://www.facebook.com/cryptaur/", "https://twitter.com/Cryptaur"],
  "network": {
    "t_available_supply": 7445211595,
    "t_total_supply": 27662180148,
    "t_max_supply": 0
  },
  "website": "https://cryptaur.com/",
  "description": {
    "en": "Cryptaur is a decentralized Ethereum-based ecosystem that will act as a framework for potentially unlimited number of specialized P2P services (dApps) whereby suppliers and consumers of a most diverse range of goods and services can interact directly while increasing the economic efficacy of all transactions being made within the ecosystem. The unique features of the Cryptaur ecosystem include:"
  },
  "name": "Cryptaur",
  "algorithm": null,
  "proof_type": null,
  "explorer": ["https://etherscan.io/token/0x88d50B466BE55222019D71F9E8fAe17f5f45FCA1", "https://ethplorer.io/address/0x88d50b466be55222019d71f9e8fae17f5f45fca1"],
  "source_code": []
}