{
  "algorithm": "Scrypt",
  "chat": [],
  "community": [],
  "description": {
    "en": ""
  },
  "explorer": [],
  "fromSymbol": "CRAVE",
  "is_crypto": true,
  "is_minable": false,
  "name": "CraveCoin",
  "network": {
    "t_available_supply": 15366648,
    "t_block_reward": 0,
    "t_max_supply": 0,
    "t_total_supply": 15366648
  },
  "proof_type": "PoW/PoS",
  "quote": ["https://blockmodo.com/quotes/CRAVE"],
  "social": ["https://twitter.com/@CRAVECoin"],
  "source_code": [],
  "toSymbol": "ALL",
  "type": "COINREGISTRY",
  "version": 1,
  "website": "http://www.cravecoin.info/",
  "adoptedFromSymbol": "CRAVE"
}