{
  "algorithm": "NeoScrypt",
  "chat": [],
  "community": [],
  "description": {
    "en": ""
  },
  "explorer": [],
  "fromSymbol": "CRC",
  "is_crypto": true,
  "is_minable": false,
  "name": "CrowdCoin",
  "network": {
    "t_available_supply": 4597936,
    "t_block_reward": 0,
    "t_max_supply": 0,
    "t_total_supply": 7057137
  },
  "proof_type": "PoW",
  "quote": ["https://blockmodo.com/quotes/CRC"],
  "social": ["https://twitter.com/@CrowdCoin_CRC"],
  "source_code": [],
  "toSymbol": "ALL",
  "type": "COINREGISTRY",
  "version": 1,
  "website": "http://crowdcoin.site/",
  "adoptedFromSymbol": "CRC"
}