{
    "algorithm": "Argon2",
    "chat": [],
    "community": [],
    "description": {
        "en": ""
    },
    "explorer": [],
    "fromSymbol": "CRDS",
    "is_crypto": true,
    "is_minable": false,
    "name": "Credits",
    "network": {
        "t_available_supply": 0,
        "t_block_reward": 0,
        "t_max_supply": 95000000,
        "t_total_supply": 0
    },
    "proof_type": "",
    "quote": [
        "https://blockmodo.com/quotes/CRDS"
    ],
    "social": [
        "https://twitter.com/@credits_crds"
    ],
    "source_code": [],
    "toSymbol": "ALL",
    "type": "COINREGISTRY",
    "version": 1,
    "website": "https://crds.co/"
}