{
  "algorithm": "SHA256",
  "chat": [],
  "community": [],
  "description": {
    "en": ""
  },
  "explorer": [],
  "fromSymbol": "CRE",
  "is_crypto": true,
  "is_minable": false,
  "name": "Credits",
  "network": {
    "t_available_supply": 0,
    "t_block_reward": 0,
    "t_max_supply": 0,
    "t_total_supply": 1000000000
  },
  "proof_type": "PoW/PoS",
  "quote": ["https://blockmodo.com/quotes/CRE"],
  "social": ["https://twitter.com/"],
  "source_code": [],
  "toSymbol": "ALL",
  "type": "COINREGISTRY",
  "version": 1,
  "website": "http://credits-currency.org/",
  "adoptedFromSymbol": "CRE"
}