{
  "algorithm": "Keccak",
  "chat": [],
  "community": [],
  "description": {
    "en": ""
  },
  "explorer": [],
  "fromSymbol": "CREA",
  "is_crypto": true,
  "is_minable": false,
  "name": "CreativeChain",
  "network": {
    "t_available_supply": 18136960,
    "t_block_reward": 0,
    "t_max_supply": 115000000,
    "t_total_supply": 18136960
  },
  "proof_type": "PoW",
  "quote": ["https://blockmodo.com/quotes/CREA"],
  "social": ["https://twitter.com/@Creative_Chain"],
  "source_code": [],
  "toSymbol": "ALL",
  "type": "COINREGISTRY",
  "version": 1,
  "website": "http://creativechain.org",
  "adoptedFromSymbol": "CREA"
}