{
  "algorithm": "",
  "chat": [],
  "community": [],
  "description": {
    "en": ""
  },
  "explorer": [],
  "fromSymbol": "CRED",
  "is_crypto": true,
  "is_minable": false,
  "name": "Verify",
  "network": {
    "t_available_supply": 13508864,
    "t_block_reward": 0,
    "t_max_supply": 0,
    "t_total_supply": 29997543
  },
  "proof_type": "",
  "quote": ["https://blockmodo.com/quotes/CRED"],
  "social": ["https://twitter.com/@verif_yas"],
  "source_code": [],
  "toSymbol": "ALL",
  "type": "COINREGISTRY",
  "version": 1,
  "website": "https://verify.as/",
  "adoptedFromSymbol": "CRED"
}