{
  "algorithm": "X11",
  "chat": [],
  "community": [],
  "description": {
    "en": ""
  },
  "explorer": [],
  "fromSymbol": "CREVA",
  "is_crypto": true,
  "is_minable": false,
  "name": "Creva Coin",
  "network": {
    "t_available_supply": 36390750,
    "t_block_reward": 0,
    "t_max_supply": 0,
    "t_total_supply": 6240390800
  },
  "proof_type": "",
  "quote": ["https://blockmodo.com/quotes/CREVA"],
  "social": ["https://twitter.com/"],
  "source_code": [],
  "toSymbol": "ALL",
  "type": "COINREGISTRY",
  "version": 1,
  "website": "http://www.crevacoin.com/",
  "adoptedFromSymbol": "CREVA"
}