{
  "algorithm": "CryptoNight",
  "chat": [],
  "community": [],
  "description": {
    "en": ""
  },
  "explorer": [],
  "fromSymbol": "CROAT",
  "is_crypto": true,
  "is_minable": false,
  "name": "Croat",
  "network": {
    "t_available_supply": 57221964,
    "t_block_reward": 0,
    "t_max_supply": 100467441,
    "t_total_supply": 57221964
  },
  "proof_type": "PoW",
  "quote": ["https://blockmodo.com/quotes/CROAT"],
  "social": ["https://twitter.com/@CROATcoin"],
  "source_code": [],
  "toSymbol": "ALL",
  "type": "COINREGISTRY",
  "version": 1,
  "website": "https://croat.cat/",
  "adoptedFromSymbol": "CROAT"
}