{
    "algorithm": "X11",
    "chat": [],
    "community": [],
    "description": {
        "en": ""
    },
    "explorer": [],
    "fromSymbol": "CRPS",
    "is_crypto": true,
    "is_minable": false,
    "name": "CryptoPennies",
    "network": {
        "t_available_supply": 0,
        "t_block_reward": 0,
        "t_max_supply": 1593,
        "t_total_supply": 0
    },
    "proof_type": "PoS",
    "quote": [
        "https://blockmodo.com/quotes/CRPS"
    ],
    "social": [
        "https://twitter.com/"
    ],
    "source_code": [],
    "toSymbol": "ALL",
    "type": "COINREGISTRY",
    "version": 1,
    "website": "-"
}