{
  "algorithm": "",
  "chat": [],
  "community": [],
  "description": {
    "en": ""
  },
  "explorer": [],
  "fromSymbol": "CRPT",
  "is_crypto": true,
  "is_minable": false,
  "name": "Crypterium",
  "network": {
    "t_available_supply": 83971024,
    "t_block_reward": 0,
    "t_max_supply": 0,
    "t_total_supply": 99968575
  },
  "proof_type": "",
  "quote": ["https://blockmodo.com/quotes/CRPT"],
  "social": ["https://twitter.com/@crypterium"],
  "source_code": [],
  "toSymbol": "ALL",
  "type": "COINREGISTRY",
  "version": 1,
  "website": "https://crypterium.io/",
  "adoptedFromSymbol": "CRPT"
}