{
  "algorithm": "SHA256",
  "chat": [],
  "community": [],
  "description": {
    "en": ""
  },
  "explorer": [],
  "fromSymbol": "CRW",
  "is_crypto": true,
  "is_minable": false,
  "name": "Crown Coin",
  "network": {
    "t_available_supply": 21135223,
    "t_block_reward": 0,
    "t_max_supply": 42000000,
    "t_total_supply": 21135223
  },
  "proof_type": "PoW",
  "quote": ["https://blockmodo.com/quotes/CRW"],
  "social": ["https://twitter.com/@Crowncoin1"],
  "source_code": [],
  "toSymbol": "ALL",
  "type": "COINREGISTRY",
  "version": 1,
  "website": "http://crown.tech/",
  "adoptedFromSymbol": "CRW"
}