{
  "algorithm": "",
  "chat": [],
  "community": [],
  "description": {
    "en": ""
  },
  "explorer": [],
  "fromSymbol": "CSNO",
  "is_crypto": true,
  "is_minable": false,
  "name": "BitDice",
  "network": {
    "t_available_supply": 70000000,
    "t_block_reward": 0,
    "t_max_supply": 0,
    "t_total_supply": 100000000
  },
  "proof_type": "",
  "quote": ["https://blockmodo.com/quotes/CSNO"],
  "social": ["https://twitter.com/@BitDice"],
  "source_code": [],
  "toSymbol": "ALL",
  "type": "COINREGISTRY",
  "version": 1,
  "website": "https://ico.bitdice.me/en",
  "adoptedFromSymbol": "CSNO"
}