{
  "algorithm": "X11",
  "chat": [],
  "community": [],
  "description": {
    "en": ""
  },
  "explorer": [],
  "fromSymbol": "CSTL",
  "is_crypto": true,
  "is_minable": false,
  "name": "Castle",
  "network": {
    "t_available_supply": 11573174,
    "t_block_reward": 0,
    "t_max_supply": 50000000,
    "t_total_supply": 11824350
  },
  "proof_type": "PoW/PoS",
  "quote": ["https://blockmodo.com/quotes/CSTL"],
  "social": ["https://twitter.com/@Castle_CSTL"],
  "source_code": [],
  "toSymbol": "ALL",
  "type": "COINREGISTRY",
  "version": 1,
  "website": "https://projectcastle.tech/"
}