{
  "algorithm": "Scrypt",
  "chat": [],
  "community": [],
  "description": {
    "en": ""
  },
  "explorer": [],
  "fromSymbol": "CTC",
  "is_crypto": true,
  "is_minable": false,
  "name": "CarterCoin",
  "network": {
    "t_available_supply": 43165500,
    "t_block_reward": 0,
    "t_max_supply": 0,
    "t_total_supply": 916770688
  },
  "proof_type": "PoW/PoS",
  "quote": ["https://blockmodo.com/quotes/CTC"],
  "social": ["https://twitter.com/"],
  "source_code": [],
  "toSymbol": "ALL",
  "type": "COINREGISTRY",
  "version": 1,
  "website": "http://www.cartercoinweb.com/",
  "adoptedFromSymbol": "CTC"
}