{
  "algorithm": null,
  "chat": ["https://t.me/CteOffical"],
  "community": [],
  "description": {
    "en": "CTEChain (Career Trust Ecosystem Chain) rebuilds traditional hiring practices and is committed to creating a new hiring style where everyone is a headhunter. CTEChain subverts all recruitment platforms and human resource companies worldwide and provides a solid infrastructure for the HR industry. Its openness, ultra-high TPS, privacy protection, scalable and secure blockchain, and the adoption of many advanced innovations provide unlimited opportunities for the HR industry to serve its customers."
  },
  "explorer": ["https://etherscan.io/token/0xa6ba0aa61ccd254fd92d548dfe87d06533649c12"],
  "fromSymbol": "CTE",
  "is_crypto": true,
  "is_minable": false,
  "name": "Career Trust Ecosystem",
  "network": {
    "t_available_supply": 20000000,
    "t_block_reward": 0,
    "t_max_supply": 0,
    "t_total_supply": 100000000
  },
  "proof_type": null,
  "quote": ["https://blockmodo.com/quotes/CTE"],
  "social": ["https://twitter.com/CTEChain", "https://www.facebook.com/cte.chain"],
  "source_code": [],
  "toSymbol": "ALL",
  "type": "COINREGISTRY",
  "version": 1,
  "website": "http://www.cte.world/"
}