{
  "algorithm": "Scrypt",
  "chat": [],
  "community": [],
  "description": {
    "en": ""
  },
  "explorer": [],
  "fromSymbol": "CURE",
  "is_crypto": true,
  "is_minable": false,
  "name": "Curecoin",
  "network": {
    "t_available_supply": 23943545,
    "t_block_reward": 0,
    "t_max_supply": 0,
    "t_total_supply": 23943545
  },
  "proof_type": "PoW",
  "quote": ["https://blockmodo.com/quotes/CURE"],
  "social": ["https://twitter.com/@CureCoin_Team"],
  "source_code": [],
  "toSymbol": "ALL",
  "type": "COINREGISTRY",
  "version": 1,
  "website": "https://www.curecoin.net/",
  "adoptedFromSymbol": "CURE"
}