{
  "algorithm": "",
  "chat": [],
  "community": [],
  "description": {
    "en": ""
  },
  "explorer": [],
  "fromSymbol": "CV",
  "is_crypto": true,
  "is_minable": false,
  "name": "CarVertical",
  "network": {
    "t_available_supply": 7736264054,
    "t_block_reward": 0,
    "t_max_supply": 0,
    "t_total_supply": 9921115729
  },
  "proof_type": "",
  "quote": ["https://blockmodo.com/quotes/CV"],
  "social": ["https://twitter.com/@carVertical_com"],
  "source_code": [],
  "toSymbol": "ALL",
  "type": "COINREGISTRY",
  "version": 1,
  "website": "https://www.carvertical.com/",
  "adoptedFromSymbol": "CV"
}