{
  "algorithm": "",
  "chat": ["https://t.me/civicplatform"],
  "community": ["https://www.reddit.com/r/civicplatform"],
  "description": {
    "en": "Civic’s mission is to provide every person on Earth with a digital identity that they can use to interact privately and securely with the world."
  },
  "explorer": ["https://etherscan.io/token/civic"],
  "fromSymbol": "CVC",
  "is_crypto": true,
  "is_minable": false,
  "name": "Civic",
  "network": {
    "t_available_supply": 342699967,
    "t_block_reward": 0,
    "t_max_supply": 0,
    "t_total_supply": 1000000000
  },
  "proof_type": "",
  "quote": ["https://blockmodo.com/quotes/CVC"],
  "social": ["https://twitter.com/@civickey"],
  "source_code": ["https://github.com/civicteam/serverless-offline-direct-lambda", "https://github.com/civicteam/npm-civic-sip-api"],
  "toSymbol": "ALL",
  "type": "COINREGISTRY",
  "version": 1,
  "website": "https://www.civic.com/",
  "adoptedFromSymbol": "CVC"
}