{
    "algorithm": "Scrypt",
    "chat": [],
    "community": [],
    "description": {
        "en": ""
    },
    "explorer": [],
    "fromSymbol": "CWIS",
    "is_crypto": true,
    "is_minable": false,
    "name": "Crypto Wisdom Coin",
    "network": {
        "t_available_supply": 0,
        "t_block_reward": 0,
        "t_max_supply": 24000000,
        "t_total_supply": 0
    },
    "proof_type": "PoW",
    "quote": [
        "https://blockmodo.com/quotes/CWIS"
    ],
    "social": [
        "https://twitter.com/@cwiscoin"
    ],
    "source_code": [],
    "toSymbol": "ALL",
    "type": "COINREGISTRY",
    "version": 1,
    "website": "http://cwisco.in/"
}