{
    "algorithm": "",
    "chat": [],
    "community": [],
    "description": {
        "en": ""
    },
    "explorer": [],
    "fromSymbol": "CXC",
    "is_crypto": true,
    "is_minable": false,
    "name": "CheckCoin",
    "network": {
        "t_available_supply": 0,
        "t_block_reward": 0,
        "t_max_supply": 100000000,
        "t_total_supply": 0
    },
    "proof_type": "PoS",
    "quote": [
        "https://blockmodo.com/quotes/CXC"
    ],
    "social": [
        "https://twitter.com/BidCXC"
    ],
    "source_code": [],
    "toSymbol": "ALL",
    "type": "COINREGISTRY",
    "version": 1,
    "website": "http://www.cxc.bid/home/index.html"
}