{
  "algorithm": "NIST5",
  "chat": [],
  "community": [],
  "description": {
    "en": ""
  },
  "explorer": [],
  "fromSymbol": "CXT",
  "is_crypto": true,
  "is_minable": false,
  "name": "Coinonat",
  "network": {
    "t_available_supply": 8623200,
    "t_block_reward": 0,
    "t_max_supply": 0,
    "t_total_supply": 10123200
  },
  "proof_type": "PoW",
  "quote": ["https://blockmodo.com/quotes/CXT"],
  "social": ["https://twitter.com/@coinonat"],
  "source_code": [],
  "toSymbol": "ALL",
  "type": "COINREGISTRY",
  "version": 1,
  "website": "-",
  "adoptedFromSymbol": "CXT"
}