{
  "methods": [
    {
      "deprecated": "false",
      "description": "Returns the advertisement data associated with the specified device address.",
      "name": "AdvertisementData",
      "params": [
        {
          "name": "deviceAddress",
          "type": "text"
        },
        {
          "name": "serviceUuid",
          "type": "text"
        }
      ],
      "returnType": "text"
    },
    {
      "deprecated": "false",
      "description": "Returns the address of the device with the name specified.",
      "name": "AdvertiserAddress",
      "params": [{
        "name": "deviceName",
        "type": "text"
      }],
      "returnType": "text"
    },
    {
      "deprecated": "false",
      "description": "Returns the list of services available on the Adverising device.",
      "name": "AdvertiserServiceUuids",
      "params": [{
        "name": "deviceAddress",
        "type": "text"
      }],
      "returnType": "list"
    },
    {
      "deprecated": "false",
      "description": "Return Unique ID of selected characteristic with index. Index specified by list of supported characteristics for a connected device, starting from 0.",
      "name": "CharacteristicByIndex",
      "params": [{
        "name": "index",
        "type": "number"
      }],
      "returnType": "text"
    },
    {
      "deprecated": "false",
      "description": "Connect to a BluetoothLE device with index. Index specifies the position in BluetoothLE device list, starting from 0.",
      "name": "Connect",
      "params": [{
        "name": "index",
        "type": "number"
      }]
    },
    {
      "deprecated": "false",
      "description": "Connect to BluetoothLE device with address. Address specifies bluetooth address of the BluetoothLE device.",
      "name": "ConnectWithAddress",
      "params": [{
        "name": "address",
        "type": "text"
      }]
    },
    {
      "deprecated": "false",
      "description": "Disconnect from connected BluetoothLE device with address. Address specifies bluetooth address of the BluetoothLE device.",
      "name": "DisconnectWithAddress",
      "params": [{
        "name": "address",
        "type": "text"
      }]
    },
    {
      "deprecated": "false",
      "description": "Get the address of found device with index. Index specifies the position in BluetoothLE device list, starting from 0.",
      "name": "FoundDeviceAddress",
      "params": [{
        "name": "index",
        "type": "number"
      }],
      "returnType": "text"
    },
    {
      "deprecated": "false",
      "description": "Get the name of found device with index. Index specifies the position in BluetoothLE device list, starting from 0.",
      "name": "FoundDeviceName",
      "params": [{
        "name": "index",
        "type": "number"
      }],
      "returnType": "text"
    },
    {
      "deprecated": "false",
      "description": "Get the RSSI (Received Signal Strength Indicator) of found device with index. Index specifies the position in BluetoothLE device list, starting from 0.",
      "name": "FoundDeviceRssi",
      "params": [{
        "name": "index",
        "type": "number"
      }],
      "returnType": "number"
    },
    {
      "deprecated": "false",
      "description": "Read Byte value from a connected BluetoothLE device. Service Unique ID and Characteristic Unique ID are required.",
      "name": "ReadByteValue",
      "params": [
        {
          "name": "service_uuid",
          "type": "text"
        },
        {
          "name": "characteristic_uuid",
          "type": "text"
        }
      ]
    },
    {
      "deprecated": "false",
      "description": "Read Float value from a connected BluetoothLE device. Service Unique ID, Characteristic Unique ID and offset are required. Offset specifies the start position of reading data.",
      "name": "ReadFloatValue",
      "params": [
        {
          "name": "service_uuid",
          "type": "text"
        },
        {
          "name": "characteristic_uuid",
          "type": "text"
        },
        {
          "name": "floatOffset",
          "type": "number"
        }
      ]
    },
    {
      "deprecated": "false",
      "description": "Read Integer value from a connected BluetoothLE device. Service Unique ID, Characteristic Unique ID and offset are required. Offset specifies the start position of reading data.",
      "name": "ReadIntValue",
      "params": [
        {
          "name": "service_uuid",
          "type": "text"
        },
        {
          "name": "characteristic_uuid",
          "type": "text"
        },
        {
          "name": "intOffset",
          "type": "number"
        }
      ]
    },
    {
      "deprecated": "false",
      "description": "Read String value from a connected BluetoothLE device. Service Unique ID, Characteristic Unique ID and offset are required. Offset specifies the start position of reading data.",
      "name": "ReadStringValue",
      "params": [
        {
          "name": "service_uuid",
          "type": "text"
        },
        {
          "name": "characteristic_uuid",
          "type": "text"
        },
        {
          "name": "strOffset",
          "type": "number"
        }
      ]
    },
    {
      "deprecated": "false",
      "description": "Scans for Bluetooth LE advertisements. scanPeriod specifies how long the scan will run.",
      "name": "ScanAdvertisements",
      "params": [{
        "name": "scanPeriod",
        "type": "number"
      }]
    },
    {
      "deprecated": "false",
      "description": "Return Unique ID of selected service with index. Index specified by list of supported services for a connected device, starting from 0.",
      "name": "ServiceByIndex",
      "params": [{
        "name": "index",
        "type": "number"
      }],
      "returnType": "text"
    },
    {
      "deprecated": "false",
      "description": "Create and publish a Bluetooth LE advertisement. inData specifies the data that will be included in the advertisement. serviceUuid specifies the UUID of the advertisement.",
      "name": "StartAdvertising",
      "params": [
        {
          "name": "inData",
          "type": "text"
        },
        {
          "name": "serviceUuid",
          "type": "text"
        }
      ]
    },
    {
      "deprecated": "false",
      "description": "Start Scanning for BluetoothLE devices.",
      "name": "StartScanning",
      "params": []
    },
    {
      "deprecated": "false",
      "description": "Stop Bluetooth LE Advertising.",
      "name": "StopAdvertising",
      "params": []
    },
    {
      "deprecated": "false",
      "description": "Stop Scanning for BluetoothLE devices.",
      "name": "StopScanning",
      "params": []
    },
    {
      "deprecated": "false",
      "description": "Stops scanning for Bluetooth LE advertisements.",
      "name": "StopScanningAdvertisements",
      "params": []
    },
    {
      "deprecated": "false",
      "description": "Return list of supported characteristics for connected device as a String",
      "name": "SupportedCharacteristics",
      "params": [],
      "returnType": "text"
    },
    {
      "deprecated": "false",
      "description": "Return list of supported services for connected device as a String",
      "name": "SupportedServices",
      "params": [],
      "returnType": "text"
    },
    {
      "deprecated": "false",
      "description": "Write byte value to a connected BluetoothLE device. Service Unique ID, Characteristic Unique ID, Integer value and offset are required. Offset specifies the start position of writing data.",
      "name": "WriteByteValue",
      "params": [
        {
          "name": "service_uuid",
          "type": "text"
        },
        {
          "name": "characteristic_uuid",
          "type": "text"
        },
        {
          "name": "value",
          "type": "text"
        }
      ]
    },
    {
      "deprecated": "false",
      "description": "Write Float value to a connected BluetoothLE device. Service Unique ID, Characteristic Unique ID, Integer value and offset are required. Offset specifies the start position of writing data. Value converted to IEEE 754 floating-point 32-bit layout before writing.",
      "name": "WriteFloatValue",
      "params": [
        {
          "name": "service_uuid",
          "type": "text"
        },
        {
          "name": "characteristic_uuid",
          "type": "text"
        },
        {
          "name": "value",
          "type": "number"
        },
        {
          "name": "offset",
          "type": "number"
        }
      ]
    },
    {
      "deprecated": "false",
      "description": "Write Integer value to a connected BluetoothLE device. Service Unique ID, Characteristic Unique ID, Integer value and offset are required. Offset specifies the start position of writing data.",
      "name": "WriteIntValue",
      "params": [
        {
          "name": "service_uuid",
          "type": "text"
        },
        {
          "name": "characteristic_uuid",
          "type": "text"
        },
        {
          "name": "value",
          "type": "number"
        },
        {
          "name": "offset",
          "type": "number"
        }
      ]
    },
    {
      "deprecated": "false",
      "description": "Write String value to a connected BluetoothLE device. Service Unique ID, Characteristic Unique ID and String valueare required.",
      "name": "WriteStringValue",
      "params": [
        {
          "name": "service_uuid",
          "type": "text"
        },
        {
          "name": "characteristic_uuid",
          "type": "text"
        },
        {
          "name": "value",
          "type": "text"
        }
      ]
    }
  ],
  "nonVisible": "true",
  "external": "true",
  "helpString": "Bluetooth Low Energy, also referred to as Bluetooth LE or simply BLE, is a new protocol similar to classic Bluetooth except that it is designed to consume less power while maintaining comparable functionality. For this reason, Bluetooth LE is the preferred choice of communication with IoT devices that have limited power resources.Starting with Android 4.3, Google introduced built-in support for Bluetooth Low Energy.",
  "events": [
    {
      "deprecated": "false",
      "description": "Trigger event when byte value from connected BluetoothLE device is changed.",
      "name": "ByteValueChanged",
      "params": [{
        "name": "byteValue",
        "type": "text"
      }]
    },
    {
      "deprecated": "false",
      "description": "Trigger event when byte value from connected BluetoothLE device is read.",
      "name": "ByteValueRead",
      "params": [{
        "name": "byteValue",
        "type": "text"
      }]
    },
    {
      "deprecated": "false",
      "description": "Trigger event when a BluetoothLE device is connected.",
      "name": "Connected",
      "params": []
    },
    {
      "deprecated": "false",
      "description": "Trigger event when a new BluetoothLE device is found.",
      "name": "DeviceFound",
      "params": []
    },
    {
      "deprecated": "false",
      "description": "Trigger event when int value from connected BluetoothLE device is changed.",
      "name": "FloatValueChanged",
      "params": [{
        "name": "floatValue",
        "type": "number"
      }]
    },
    {
      "deprecated": "false",
      "description": "Trigger event when a float value from connected BluetoothLE device is read.",
      "name": "FloatValueRead",
      "params": [{
        "name": "floatValue",
        "type": "number"
      }]
    },
    {
      "deprecated": "false",
      "description": "Trigger event when int value from connected BluetoothLE device is changed.",
      "name": "IntValueChanged",
      "params": [{
        "name": "intValue",
        "type": "number"
      }]
    },
    {
      "deprecated": "false",
      "description": "Trigger event when an int value from connected BluetoothLE device is read.",
      "name": "IntValueRead",
      "params": [{
        "name": "intValue",
        "type": "number"
      }]
    },
    {
      "deprecated": "false",
      "description": "Trigger event when RSSI (Received Signal Strength Indicator) of found BluetoothLE device changes",
      "name": "RssiChanged",
      "params": [{
        "name": "device_rssi",
        "type": "number"
      }]
    },
    {
      "deprecated": "false",
      "description": "Trigger event when String value from connected BluetoothLE device is changed.",
      "name": "StringValueChanged",
      "params": [{
        "name": "stringValue",
        "type": "text"
      }]
    },
    {
      "deprecated": "false",
      "description": "Trigger event when a string value from connected BluetoothLE device is read.",
      "name": "StringValueRead",
      "params": [{
        "name": "stringValue",
        "type": "text"
      }]
    },
    {
      "deprecated": "false",
      "description": "Trigger event when value is successfully written to connected BluetoothLE device.",
      "name": "ValueWrite",
      "params": []
    }
  ],
  "name": "BluetoothLE",
  "iconName": "images/bluetooth.png",
  "blockProperties": [
    {
      "deprecated": "false",
      "description": "Returns the value of ScanPeriod.",
      "name": "AdvertisementScanPeriod",
      "type": "number",
      "rw": "read-only"
    },
    {
      "deprecated": "false",
      "description": "Returns a list of the addresses of devices found during Advertisement scanning.",
      "name": "AdvertiserAddresses",
      "type": "list",
      "rw": "read-only"
    },
    {
      "deprecated": "false",
      "description": "Returns a list of the names of the devices found during Advertisment scanning.",
      "name": "AdvertiserNames",
      "type": "list",
      "rw": "read-only"
    },
    {
      "deprecated": "false",
      "description": "Return the battery level.",
      "name": "BatteryValue",
      "type": "text",
      "rw": "read-only"
    },
    {
      "deprecated": "false",
      "description": "Return the RSSI (Received Signal Strength Indicator) of connected device.",
      "name": "ConnectedDeviceRssi",
      "type": "text",
      "rw": "read-only"
    },
    {
      "deprecated": "false",
      "description": "Return a sorted list of BluetoothLE devices as a String.",
      "name": "DeviceList",
      "type": "text",
      "rw": "read-only"
    },
    {
      "deprecated": "false",
      "description": "Returns true if the device is currently advertising, false otherwise.",
      "name": "IsDeviceAdvertising",
      "type": "boolean",
      "rw": "read-only"
    },
    {
      "deprecated": "false",
      "description": "Return true if a BluetoothLE device is connected; Otherwise, return false.",
      "name": "IsDeviceConnected",
      "type": "boolean",
      "rw": "read-only"
    },
    {
      "deprecated": "false",
      "description": "Return the Tx power.",
      "name": "TxPower",
      "type": "number",
      "rw": "read-only"
    }
  ],
  "categoryString": "EXTENSION",
  "properties": [],
  "type": "com.google.appinventor.components.runtime.BluetoothLE",
  "showOnPalette": "true",
  "version": "2"
}